"","ISO3","pubyear","continent","subregion","per_country","per_country_cat","art_country","count_country_cat","mig_rel_index","emig_immig","emig_immig_c","emig_immig_rel_c","repr","repr_rel","repr_s","repr_rel_s"
"1","ABW",2000,"Americas","Latin America and the Caribbean",0.00922181090018048,2,14,2,45.7458770194918,43.5285714285714,2,9,0,-7,"Fair","Under"
"2","AFG",1997,"Asia","Southern Asia",0.451868734108844,9,686,9,25.2812363443229,5470.91428571429,10,7,-1,2,"Under","Over"
"3","AGO",1996,"Africa","Sub-Saharan Africa",0.065870077858432,5,100,5,5.01391865344694,984,6,2,-1,3,"Under","Over"
"4","AIA",2016,"Americas","Latin America and the Caribbean",0.00131740155716864,1,2,1,NA,NA,NA,NA,NA,NA,NA,NA
"5","ALA",2002,"Europe","Northern Europe",0.00131740155716864,1,2,1,NA,NA,NA,NA,NA,NA,NA,NA
"6","ALB",1996,"Europe","Southern Europe",0.262821610655144,7,399,7,30.6187912816101,916.471428571429,6,7,1,0,"Over","Fair"
"7","AND",2011,"Europe","Southern Europe",0.0032935038929216,1,5,1,NA,NA,NA,NA,NA,NA,NA,NA
"8","ARE",1997,"Asia","Western Asia",0.113296533916503,6,172,6,82.4404777451549,4834.01428571429,10,10,-4,-4,"Under","Under"
"9","ARG",1996,"Americas","Latin America and the Caribbean",0.519056213524444,9,788,9,6.50672885407452,2552.12857142857,9,2,0,7,"Fair","Over"
"10","ARM",1996,"Asia","Western Asia",0.196951532796712,7,299,7,43.7476936227775,1353.07142857143,7,8,0,-1,"Fair","Under"
"11","ASM",2021,"Oceania","Melanesia, Micronesia, Polynesia",0.00197610233575296,1,3,1,NA,NA,NA,NA,NA,NA,NA,NA
"12","AUS",1996,"Oceania","Australia and New Zealand",2.80079571054053,10,4252,10,27.5740265809491,5818.3,10,7,0,3,"Fair","Over"
"13","AUT",1996,"Europe","Western Europe",0.514445308074354,9,781,9,20.347603974283,1701.12857142857,8,6,1,3,"Over","Over"
"14","AZE",1996,"Asia","Western Asia",0.102757321459154,6,156,6,20.4255587889171,1716.4,8,6,-2,0,"Under","Fair"
"15","BDI",1996,"Africa","Sub-Saharan Africa",0.0632352747440947,5,96,5,10.2393116395466,764.042857142857,6,4,-1,1,"Under","Over"
"16","BEL",1996,"Europe","Western Europe",0.610615621747665,9,927,9,17.9461147929957,1933.01428571429,8,6,1,3,"Over","Over"
"17","BEN",1998,"Africa","Sub-Saharan Africa",0.0335937397078003,4,51,4,8.08266752385929,690.771428571429,6,3,-2,1,"Under","Over"
"18","BFA",1996,"Africa","Sub-Saharan Africa",0.0467677552794867,4,71,4,14.1807781919163,1922.3,8,5,-4,-1,"Under","Under"
"19","BGD",1996,"Asia","Southern Asia",0.612591724083418,9,930,9,5.39334050571687,7301.44285714286,10,2,-1,7,"Under","Over"
"20","BGR",1996,"Europe","Eastern Europe",0.236473579511771,7,359,7,13.9875614709184,1053,7,5,0,2,"Fair","Over"
"21","BHR",2004,"Asia","Western Asia",0.0138327163502707,2,21,2,49.4517177474036,521.871428571429,5,9,-3,-7,"Under","Under"
"22","BHS",1998,"Americas","Latin America and the Caribbean",0.00724570856442752,2,11,2,24.7531384385547,82.0857142857143,3,7,-1,-5,"Under","Under"
"23","BIH",1996,"Europe","Southern Europe",0.263480311433728,7,400,7,40.7379424329285,1493.6,8,8,-1,-1,"Under","Under"
"24","BLR",1996,"Europe","Eastern Europe",0.0922181090018048,5,140,5,28.0822827624364,2727.91428571429,9,7,-4,-2,"Under","Under"
"25","BLZ",1996,"Americas","Latin America and the Caribbean",0.0237132280290355,3,36,3,33.2533063604545,93.7428571428571,3,8,0,-5,"Fair","Under"
"26","BMU",2011,"Americas","Northern America",0.00395220467150592,1,6,1,72.4212901154399,45.9285714285714,2,10,-1,-9,"Under","Under"
"27","BOL",1996,"Americas","Latin America and the Caribbean",0.212101650704151,7,322,7,6.95192977968536,673.657142857143,6,3,1,4,"Over","Over"
"28","BRA",1996,"Americas","Latin America and the Caribbean",1.08488018232838,10,1647,10,1.02182651966147,1928.51428571429,8,1,2,9,"Over","Over"
"29","BRB",2003,"Americas","Latin America and the Caribbean",0.0210784249146982,3,32,3,45.1158067874677,124.5,4,8,-1,-5,"Under","Under"
"30","BRN",1999,"Asia","South-eastern Asia",0.0131740155716864,2,20,2,38.5184491673533,136.385714285714,4,8,-2,-6,"Under","Under"
"31","BTN",1996,"Asia","Southern Asia",0.0704809833085223,5,107,5,19.4045640557629,122.8,3,6,2,-1,"Over","Under"
"32","BWA",1998,"Africa","Sub-Saharan Africa",0.0467677552794867,4,71,4,6.15980516413673,115.428571428571,3,2,1,2,"Over","Over"
"33","CAF",1997,"Africa","Sub-Saharan Africa",0.0296415350362944,4,45,4,8.97749342688204,383.257142857143,4,3,0,1,"Fair","Over"
"34","CAN",1996,"Americas","Northern America",3.05900641574558,10,4644,10,22.3321124732856,7319.8,10,6,0,4,"Fair","Over"
"35","CHE",1996,"Europe","Western Europe",0.568458771918268,9,863,9,30.9631760932481,2370.32857142857,9,7,0,2,"Fair","Over"
"36","CHL",1996,"Americas","Latin America and the Caribbean",0.442646923208663,8,672,8,6.16112890958193,1034.74285714286,7,2,1,6,"Over","Over"
"37","CHN",1996,"Asia","Eastern Asia",5.06672638887059,10,7692,10,0.609095457794154,8110.52857142857,10,1,0,9,"Fair","Over"
"38","CIV",1996,"Africa","Sub-Saharan Africa",0.034911141264969,4,53,4,16.283517995981,2993.71428571429,9,6,-5,-2,"Under","Under"
"39","CMR",1996,"Africa","Sub-Saharan Africa",0.103416022237738,6,157,6,3.10587008210798,584.514285714286,5,1,1,5,"Over","Over"
"40","COD",1997,"Africa","Sub-Saharan Africa",0.0447916529437338,4,68,4,3.57436845230524,1997.62857142857,8,1,-4,3,"Under","Over"
"41","COG",1996,"Africa","Sub-Saharan Africa",0.172579603989092,6,262,6,12.2845142851357,467.871428571429,5,4,1,2,"Over","Over"
"42","COK",1996,"Oceania","Melanesia, Micronesia, Polynesia",0.00856311012159616,2,13,2,126.083655484552,22.9857142857143,2,10,0,-8,"Fair","Under"
"43","COL",1996,"Americas","Latin America and the Caribbean",0.372824640678725,8,566,8,5.29898891530954,2348.9,9,2,-1,6,"Under","Over"
"44","COM",2001,"Africa","Sub-Saharan Africa",0.00922181090018048,2,14,2,16.2655111311917,104.614285714286,3,6,-1,-4,"Under","Under"
"45","CPV",1999,"Africa","Sub-Saharan Africa",0.069822282529938,5,106,5,33.0002258741406,152.114285714286,4,8,1,-3,"Over","Under"
"46","CRI",1997,"Americas","Latin America and the Caribbean",0.086289801994546,5,131,5,12.3153791182788,512.457142857143,5,4,0,1,"Fair","Over"
"47","CUB",1996,"Americas","Latin America and the Caribbean",0.274019523891077,7,416,7,11.0863578716772,1237.32857142857,7,4,0,3,"Fair","Over"
"48","CUW",2019,"Americas","Latin America and the Caribbean",0.00197610233575296,1,3,1,NA,NA,NA,NA,NA,NA,NA,NA
"49","CYP",1996,"Asia","Western Asia",0.142938068952797,6,217,6,28.2569067270224,287.542857142857,4,7,2,-1,"Over","Under"
"50","CZE",1996,"Europe","Eastern Europe",0.401148774157851,8,609,8,10.1746195259728,1065.84285714286,7,4,1,4,"Over","Over"
"51","DEU",1996,"Europe","Western Europe",3.3692544824588,10,5115,10,15.9808648553477,13060.8428571429,10,5,0,5,"Fair","Over"
"52","DJI",1998,"Africa","Sub-Saharan Africa",0.0111979132359334,2,17,2,15.5818806705443,118.8,3,5,-1,-3,"Under","Under"
"53","DNK",1996,"Europe","Northern Europe",0.653431172355646,9,992,9,12.3157684611287,677.542857142857,6,4,3,5,"Over","Over"
"54","DOM",1996,"Americas","Latin America and the Caribbean",0.207490745254061,7,315,7,15.6129629851001,1452.91428571429,7,5,0,2,"Fair","Over"
"55","DZA",1996,"Africa","Northern Africa",0.129105352602527,6,196,6,4.88416399386357,1677.71428571429,8,2,-2,4,"Under","Over"
"56","ECU",1997,"Americas","Latin America and the Caribbean",0.283241334791258,8,430,8,7.19195935480648,1066.8,7,3,1,5,"Over","Over"
"57","EGY",1996,"Africa","Northern Africa",0.236473579511771,7,359,7,3.18376326527233,2528.05714285714,9,1,-2,6,"Under","Over"
"58","ERI",1997,"Africa","Sub-Saharan Africa",0.179825312553519,6,273,6,16.1239126060832,458.771428571429,5,5,1,1,"Over","Over"
"59","ESH",1996,"Africa","Northern Africa",0.0118566140145178,2,18,2,48.023985781666,173.1,4,9,-2,-7,"Under","Under"
"60","ESP",1996,"Europe","Southern Europe",2.22574993083642,10,3379,10,11.3872106558595,5096.05714285714,10,4,0,6,"Fair","Over"
"61","EST",1996,"Europe","Northern Europe",0.200245036689633,7,304,7,29.5157545633109,411.085714285714,5,7,2,0,"Over","Fair"
"62","ETH",1996,"Africa","Sub-Saharan Africa",0.404442278050773,8,614,8,2.407760367711,1692.72857142857,8,1,0,7,"Fair","Over"
"63","FIN",1996,"Europe","Northern Europe",0.551332551675076,9,837,9,9.31121777954429,494.671428571429,5,4,4,5,"Over","Over"
"64","FJI",1996,"Oceania","Melanesia, Micronesia, Polynesia",0.0645526763012634,5,98,5,20.6214861417487,172.057142857143,4,6,1,-1,"Over","Under"
"65","FLK",2014,"Americas","Latin America and the Caribbean",0.00131740155716864,1,2,1,NA,NA,NA,NA,NA,NA,NA,NA
"66","FRA",1996,"Europe","Western Europe",1.93065198203064,10,2931,10,14.1904231404468,8711.78571428571,10,5,0,5,"Fair","Over"
"67","FRO",2015,"Europe","Northern Europe",0.00197610233575296,1,3,1,34.2177704513317,16.2714285714286,1,8,0,-7,"Fair","Under"
"68","FSM",1996,"Oceania","Melanesia, Micronesia, Polynesia",0.0191023225789453,3,29,3,18.8367105993771,20.1857142857143,1,6,2,-3,"Over","Under"
"69","GAB",1998,"Africa","Sub-Saharan Africa",0.00922181090018048,2,14,2,NA,NA,NA,NA,NA,NA,NA,NA
"70","GBR",1996,"Europe","Northern Europe",5.62793945222443,10,8544,10,16.609534773611,10342.3285714286,10,6,0,4,"Fair","Over"
"71","GEO",1996,"Asia","Western Asia",0.243060587297614,7,369,7,22.7120413588811,1007.71428571429,6,7,1,0,"Over","Fair"
"72","GGY",2014,"Europe","Northern Europe",0.00197610233575296,1,3,1,NA,NA,NA,NA,NA,NA,NA,NA
"73","GHA",1997,"Africa","Sub-Saharan Africa",0.401807474936435,8,610,8,4.22341424201993,966.814285714286,6,1,2,7,"Over","Over"
"74","GIB",1998,"Europe","Southern Europe",0.0151501179074394,3,23,3,63.9581328896202,20.4,1,10,2,-7,"Over","Under"
"75","GIN",1997,"Africa","Sub-Saharan Africa",0.0579656685154202,5,88,5,8.98394687768506,771.285714285714,6,3,-1,2,"Under","Over"
"76","GLP",1997,"Americas","Latin America and the Caribbean",0.0118566140145178,2,18,2,23.1126060067611,93.3428571428572,3,7,-1,-5,"Under","Under"
"77","GMB",1998,"Africa","Sub-Saharan Africa",0.0283241334791258,4,43,4,15.6196430938521,246.028571428571,4,5,0,-1,"Fair","Under"
"78","GNB",1998,"Africa","Sub-Saharan Africa",0.00724570856442752,2,11,2,NA,NA,NA,NA,NA,NA,NA,NA
"79","GNQ",1999,"Africa","Sub-Saharan Africa",0.0158088186860237,3,24,3,14.8234909477513,144.385714285714,4,5,-1,-2,"Under","Under"
"80","GRC",1996,"Europe","Southern Europe",0.95445742816868,9,1449,9,18.9464522221482,2036.8,8,6,1,3,"Over","Over"
"81","GRD",2004,"Americas","Latin America and the Caribbean",0.00263480311433728,1,4,1,NA,NA,NA,NA,NA,NA,NA,NA
"82","GRL",1998,"Americas","Northern America",0.0197610233575296,3,30,3,37.1501999927537,20.9285714285714,1,8,2,-5,"Over","Under"
"83","GTM",1996,"Americas","Latin America and the Caribbean",0.206832044475477,7,314,7,6.62335657898875,898.914285714286,6,2,1,5,"Over","Over"
"84","GUF",1997,"Americas","Latin America and the Caribbean",0.0250306295862042,3,38,3,47.3089566327104,92.1142857142857,3,9,0,-6,"Fair","Under"
"85","GUM",2002,"Oceania","Melanesia, Micronesia, Polynesia",0.0151501179074394,3,23,3,49.90479043411,76.7571428571429,3,9,0,-6,"Fair","Under"
"86","GUY",1997,"Americas","Latin America and the Caribbean",0.0454503537223181,4,69,4,51.236380950724,388.628571428571,5,9,-1,-5,"Under","Under"
"87","HKG",1996,"Asia","Eastern Asia",0.434742513865651,8,660,8,51.2526918294852,3438.28571428571,9,9,-1,-1,"Under","Under"
"88","HND",1997,"Americas","Latin America and the Caribbean",0.0882659043302989,5,134,5,7.6737445470421,582.5,5,3,0,2,"Fair","Over"
"89","HRV",1996,"Europe","Southern Europe",0.354381018878364,8,538,8,31.171891284722,1364.2,7,7,1,1,"Over","Over"
"90","HTI",1996,"Americas","Latin America and the Caribbean",0.233838776397434,7,355,7,11.1464587125258,1063,7,4,0,3,"Fair","Over"
"91","HUN",1996,"Europe","Eastern Europe",0.509834402624264,9,774,9,9.05896598708278,905.7,6,4,3,5,"Over","Over"
"92","IDN",1996,"Asia","South-eastern Asia",0.539475937660558,9,819,9,1.41670414844934,3323.67142857143,9,1,0,8,"Fair","Over"
"93","IMN",2022,"Europe","Northern Europe",0.00065870077858432,1,1,1,NA,NA,NA,NA,NA,NA,NA,NA
"94","IND",1996,"Asia","Southern Asia",2.86798318995613,10,4354,10,1.52351589363601,17260.7285714286,10,1,0,9,"Fair","Over"
"95","IRL",1996,"Europe","Northern Europe",1.01703400213419,10,1544,10,31.909470387787,1332.45714285714,7,8,3,2,"Over","Over"
"96","IRN",1996,"Asia","Southern Asia",0.438694718537157,8,666,8,5.666137076239,3867.5,10,2,-2,6,"Under","Over"
"97","IRQ",1997,"Asia","Western Asia",0.470971056687789,9,715,9,5.65682194404477,1621.02857142857,8,2,1,7,"Over","Over"
"98","ISL",1996,"Europe","Northern Europe",0.0553308654010829,4,84,4,18.9877358608537,58.5714285714286,2,6,2,-2,"Over","Under"
"99","ISR",1996,"Asia","Western Asia",1.16260687420133,10,1765,10,34.2433620613428,2186.01428571429,8,8,2,2,"Over","Over"
"100","ITA",1996,"Europe","Southern Europe",2.35156177954602,10,3570,10,11.6749209496549,6866.47142857143,10,4,0,6,"Fair","Over"
"101","JAM",1997,"Americas","Latin America and the Caribbean",0.107368226909244,6,163,6,33.2303125583066,910.471428571429,6,8,0,-2,"Fair","Under"
"102","JEY",2010,"Europe","Northern Europe",0.00395220467150592,1,6,1,NA,NA,NA,NA,NA,NA,NA,NA
"103","JOR",1996,"Asia","Western Asia",0.180484013332104,7,274,7,43.2461451670945,2829.57142857143,9,8,-2,-1,"Under","Under"
"104","JPN",1996,"Asia","Eastern Asia",1.04865163950624,10,1592,10,2.06343577360994,2612.65714285714,9,1,1,9,"Over","Over"
"105","KAZ",1996,"Asia","Central Asia",0.272702122333909,7,414,7,42.4805309881398,6983.91428571429,10,8,-3,-1,"Under","Under"
"106","KEN",1996,"Africa","Sub-Saharan Africa",0.254917201312132,7,387,7,3.08406336440185,1170.82857142857,7,1,0,6,"Fair","Over"
"107","KGZ",1996,"Asia","Central Asia",0.146231572845719,6,222,6,19.500279486478,1001.65714285714,6,6,0,0,"Fair","Fair"
"108","KHM",1996,"Asia","South-eastern Asia",0.208149446032645,7,316,7,5.99097451181455,809.457142857143,6,2,1,5,"Over","Over"
"109","KIR",2011,"Oceania","Melanesia, Micronesia, Polynesia",0.0131740155716864,2,20,2,7.27262045749718,6.74285714285714,1,3,1,-1,"Over","Under"
"110","KOR",1996,"Asia","Eastern Asia",0.422885899851134,8,642,8,5.46573937327223,2654.74285714286,9,2,-1,6,"Under","Over"
"111","KWT",1996,"Asia","Western Asia",0.0401807474936435,4,61,4,67.1228282423304,1902.1,8,10,-4,-6,"Under","Under"
"112","LAO",1996,"Asia","South-eastern Asia",0.137668462724123,6,209,6,15.7493384761264,939.457142857143,6,5,0,1,"Fair","Over"
"113","LBN",1996,"Asia","Western Asia",0.29114574413427,8,442,8,34.1499239992477,1644.3,8,8,0,0,"Fair","Fair"
"114","LBR",1997,"Africa","Sub-Saharan Africa",0.0579656685154202,5,88,5,16.5023837802846,451.814285714286,5,6,0,-1,"Fair","Under"
"115","LBY",1997,"Africa","Northern Africa",0.134374958831201,6,204,6,12.9619840603368,748.842857142857,6,5,0,1,"Fair","Over"
"116","LCA",2013,"Americas","Latin America and the Caribbean",0.00263480311433728,1,4,1,32.3305850065039,53.8428571428571,2,8,-1,-7,"Under","Under"
"117","LIE",2008,"Europe","Western Europe",0.00461090545009024,2,7,2,63.2355416665511,21.9142857142857,2,9,0,-7,"Fair","Under"
"118","LKA",1996,"Asia","Southern Asia",0.316835074499058,8,481,8,6.70308954024851,1327.07142857143,7,3,1,5,"Over","Over"
"119","LSO",1998,"Africa","Sub-Saharan Africa",0.0191023225789453,3,29,3,9.43525004163282,185.714285714286,4,4,-1,-1,"Under","Under"
"120","LTU",1996,"Europe","Northern Europe",0.187071021117947,7,284,7,20.6678671235414,665.271428571429,5,6,2,1,"Over","Over"
"121","LUX",1997,"Europe","Western Europe",0.0632352747440947,5,96,5,46.5889254277299,231.457142857143,4,9,1,-4,"Over","Under"
"122","LVA",1996,"Europe","Northern Europe",0.14491417128855,6,220,6,30.3143435011204,684.385714285714,6,7,0,-1,"Fair","Under"
"123","MAC",2003,"Asia","Eastern Asia",0.0322763381506317,4,49,4,82.3279202304814,404.214285714286,5,10,-1,-6,"Under","Under"
"124","MAF",2010,"Americas","Latin America and the Caribbean",0.00197610233575296,1,3,1,NA,NA,NA,NA,NA,NA,NA,NA
"125","MAR",1996,"Africa","Northern Africa",0.731157864228596,9,1110,9,8.17250440493823,2536.41428571429,9,3,0,6,"Fair","Over"
"126","MCO",2008,"Europe","Western Europe",0.00131740155716864,1,2,1,NA,NA,NA,NA,NA,NA,NA,NA
"127","MDA",1997,"Europe","Eastern Europe",0.0909007074446362,5,138,5,24.4847063144495,1021.6,7,7,-2,-2,"Under","Under"
"128","MDG",1998,"Africa","Sub-Saharan Africa",0.0250306295862042,3,38,3,0.770984974861848,153.442857142857,4,1,-1,2,"Under","Over"
"129","MDV",2009,"Asia","Southern Asia",0.0098805116787648,2,15,2,11.7436494201645,43.7857142857143,2,4,0,-2,"Fair","Under"
"130","MEX",1996,"Americas","Latin America and the Caribbean",2.52084787964219,10,3827,10,9.57621206401751,10405.0571428571,10,4,0,6,"Fair","Over"
"131","MHL",2004,"Oceania","Melanesia, Micronesia, Polynesia",0.018443621800361,3,28,3,15.8070464933704,8.71428571428571,1,5,2,-2,"Over","Under"
"132","MKD",1996,"Europe","Southern Europe",0.107368226909244,6,163,6,31.7550495732948,649.714285714286,5,7,1,-1,"Over","Under"
"133","MLI",1997,"Africa","Sub-Saharan Africa",0.0619178731869261,5,94,5,9.26906332269535,1242.21428571429,7,4,-2,1,"Under","Over"
"134","MLT",1998,"Europe","Southern Europe",0.0816788965444557,5,124,5,35.2231604329317,142.942857142857,4,8,1,-3,"Over","Under"
"135","MMR",1996,"Asia","South-eastern Asia",0.442646923208663,8,672,8,4.06360135423539,2036.92857142857,8,1,0,7,"Fair","Over"
"136","MNE",1999,"Europe","Southern Europe",0.0408394482722279,4,62,4,33.893759280577,212.333333333333,4,8,0,-4,"Fair","Under"
"137","MNG",1997,"Asia","Eastern Asia",0.146890273624303,6,223,6,2.21157378774883,60.1857142857143,2,1,4,5,"Over","Over"
"138","MNP",2013,"Oceania","Melanesia, Micronesia, Polynesia",0.00263480311433728,1,4,1,60.2047346576158,31.8142857142857,2,9,-1,-8,"Under","Under"
"139","MOZ",1996,"Africa","Sub-Saharan Africa",0.100122518344817,6,152,6,6.41146452696257,1157.08571428571,7,2,-1,4,"Under","Over"
"140","MRT",1996,"Africa","Sub-Saharan Africa",0.0191023225789453,3,29,3,7.63846750314158,229.514285714286,4,3,-1,0,"Under","Fair"
"141","MSR",2007,"Americas","Latin America and the Caribbean",0.00197610233575296,1,3,1,322.861715899298,17.5571428571429,1,10,0,-9,"Fair","Under"
"142","MTQ",1996,"Americas","Latin America and the Caribbean",0.0125153147931021,2,19,2,18.2563800727188,69.4714285714286,3,6,-1,-4,"Under","Under"
"143","MUS",1996,"Africa","Sub-Saharan Africa",0.0322763381506317,4,49,4,13.0368021703276,157.142857142857,4,5,0,-1,"Fair","Under"
"144","MWI",1996,"Africa","Sub-Saharan Africa",0.0579656685154202,5,88,5,4.82565240771552,571.642857142857,5,2,0,3,"Fair","Over"
"145","MYS",1996,"Asia","South-eastern Asia",0.571093575032606,9,867,9,12.5083246245665,3347.45714285714,9,4,0,5,"Fair","Over"
"146","MYT",2010,"Africa","Sub-Saharan Africa",0.00263480311433728,1,4,1,33.422675123145,64.8428571428571,3,8,-2,-7,"Under","Under"
"147","NAM",1997,"Africa","Sub-Saharan Africa",0.0447916529437338,4,68,4,8.56377188327613,164.371428571429,4,3,0,1,"Fair","Over"
"148","NCL",2003,"Oceania","Melanesia, Micronesia, Polynesia",0.00922181090018048,2,14,2,25.9384578634158,60.7571428571429,3,7,-1,-5,"Under","Under"
"149","NER",1997,"Africa","Sub-Saharan Africa",0.0566482669582515,5,86,5,3.10593376407489,454.671428571429,5,1,0,4,"Fair","Over"
"150","NGA",1996,"Africa","Sub-Saharan Africa",0.449892631773091,8,683,8,1.15761311223462,1749.72857142857,8,1,0,7,"Fair","Over"
"151","NIC",1996,"Americas","Latin America and the Caribbean",0.065870077858432,5,100,5,10.9353452226794,596.185714285714,5,4,0,1,"Fair","Over"
"152","NIU",2007,"Oceania","Melanesia, Micronesia, Polynesia",0.00461090545009024,2,7,2,331.218842794035,6.01428571428571,1,10,1,-8,"Over","Under"
"153","NLD",1996,"Europe","Western Europe",1.84238607770034,10,2797,10,15.5022112592452,2525.92857142857,9,5,1,5,"Over","Over"
"154","NOR",1996,"Europe","Northern Europe",0.747625383693204,9,1135,9,12.8281080286092,626.685714285714,5,5,4,4,"Over","Over"
"155","NPL",1996,"Asia","Southern Asia",0.288510941019932,8,438,8,8.22603623442988,2078.78571428571,8,3,0,5,"Fair","Over"
"156","NRU",2002,"Oceania","Melanesia, Micronesia, Polynesia",0.0322763381506317,4,49,4,39.6247219927982,4.04285714285714,1,8,3,-4,"Over","Under"
"157","NZL",1996,"Oceania","Australia and New Zealand",0.698881526077964,9,1061,9,34.1077682949849,1435.84285714286,7,8,2,1,"Over","Over"
"158","OMN",1999,"Asia","Western Asia",0.0191023225789453,3,29,3,30.9374253444705,1044,7,7,-4,-4,"Under","Under"
"159","PAK",1996,"Asia","Southern Asia",0.768045107829317,9,1166,9,5.45633740127481,8391.92857142857,10,2,-1,7,"Under","Over"
"160","PAN",1996,"Americas","Latin America and the Caribbean",0.0270067319219571,3,41,3,8.15899278246707,278.185714285714,4,3,-1,0,"Under","Fair"
"161","PER",1996,"Americas","Latin America and the Caribbean",0.289828342577101,8,440,8,4.14458919892778,1207.47142857143,7,1,1,7,"Over","Over"
"162","PHL",1996,"Asia","South-eastern Asia",0.797027942087027,9,1210,9,4.67758194868276,4158.55714285714,10,2,-1,7,"Under","Over"
"163","PLW",2013,"Oceania","Melanesia, Micronesia, Polynesia",0.0032935038929216,1,5,1,NA,NA,NA,NA,NA,NA,NA,NA
"164","PNG",1996,"Oceania","Melanesia, Micronesia, Polynesia",0.0559895661796672,4,85,4,0.538131804724438,35.1714285714286,2,1,2,3,"Over","Over"
"165","POL",1996,"Europe","Eastern Europe",1.11979132359334,10,1700,10,10.0026684000079,3815.97142857143,10,4,0,6,"Fair","Over"
"166","PRI",1996,"Americas","Latin America and the Caribbean",0.3445005071996,8,523,8,55.8620012949469,1906.24285714286,8,9,0,-1,"Fair","Under"
"167","PRK",1997,"Asia","Eastern Asia",0.104733423794907,6,159,6,0.536085226969403,121.514285714286,3,1,3,5,"Over","Over"
"168","PRT",1996,"Europe","Southern Europe",0.561871764132425,9,853,9,25.7314572348906,2647.28571428571,9,7,0,2,"Fair","Over"
"169","PRY",1996,"Americas","Latin America and the Caribbean",0.0645526763012634,5,98,5,12.8507837275513,753.642857142857,6,5,-1,0,"Under","Fair"
"170","PSE",1997,"Asia","Western Asia",0.435401214644236,8,661,8,94.0402939280496,3341.28571428571,9,10,-1,-2,"Under","Under"
"171","PYF",2002,"Oceania","Melanesia, Micronesia, Polynesia",0.00526960622867456,2,8,2,13.2561582392674,32.6,2,5,0,-3,"Fair","Under"
"172","QAT",1997,"Asia","Western Asia",0.0559895661796672,4,85,4,72.1194185561795,1024.95714285714,7,10,-3,-6,"Under","Under"
"173","REU",1996,"Africa","Sub-Saharan Africa",0.0724570856442752,5,110,5,13.6936008058898,107.371428571429,3,5,2,0,"Over","Fair"
"174","ROU",1996,"Europe","Eastern Europe",0.525643221310288,9,798,9,12.2155685039644,2502.61428571429,9,4,0,5,"Fair","Over"
"175","RUS",1996,"Europe","Eastern Europe",2.2560501666513,10,3425,10,15.4420938761857,22537.2857142857,10,5,0,5,"Fair","Over"
"176","RWA",1996,"Africa","Sub-Saharan Africa",0.0961703136733108,5,146,5,12.7941373335479,1021.02857142857,6,5,-1,0,"Under","Fair"
"177","SAU",1996,"Asia","Western Asia",0.110661730802166,6,168,6,31.3988387147128,7987.17142857143,10,7,-4,-1,"Under","Under"
"178","SDN",1997,"Africa","Northern Africa",0.245695390411951,7,373,7,7.04412285203439,2161.77142857143,8,3,-1,4,"Under","Over"
"179","SEN",1996,"Africa","Sub-Saharan Africa",0.205514642918308,7,312,7,6.66585470079304,750.857142857143,6,3,1,4,"Over","Over"
"180","SGP",1996,"Asia","South-eastern Asia",0.399831372600682,8,607,8,41.8766888778121,1951.64285714286,8,8,0,0,"Fair","Fair"
"181","SHN",2015,"Africa","Sub-Saharan Africa",0.00395220467150592,1,6,1,60.131935660014,3.5,1,9,0,-8,"Fair","Under"
"182","SLB",2002,"Oceania","Melanesia, Micronesia, Polynesia",0.0191023225789453,3,29,3,1.45864782912936,6.51428571428571,1,1,2,2,"Over","Over"
"183","SLE",1997,"Africa","Sub-Saharan Africa",0.0375459443793063,4,57,4,6.6419478273511,336.542857142857,4,3,0,1,"Fair","Over"
"184","SLV",1996,"Americas","Latin America and the Caribbean",0.142279368174213,6,216,6,21.3914354666488,1281.65714285714,7,6,-1,0,"Under","Fair"
"185","SMR",2000,"Europe","Southern Europe",0.00263480311433728,1,4,1,24.0070105617992,7.07142857142857,1,7,0,-6,"Fair","Under"
"186","SOM",1996,"Africa","Sub-Saharan Africa",0.51839751274586,9,787,9,13.5958523582568,1458.37142857143,7,5,2,4,"Over","Over"
"187","SRB",1996,"Europe","Southern Europe",0.360968026664208,8,548,8,18.2491835741272,1682.24285714286,8,6,0,2,"Fair","Over"
"188","SSD",2000,"Africa","Sub-Saharan Africa",0.0500612591724083,4,76,4,18.4482541115354,1998.76666666667,8,6,-4,-2,"Under","Under"
"189","SUR",1996,"Americas","Latin America and the Caribbean",0.183777517225025,7,279,7,52.6150330984611,264.014285714286,4,9,3,-2,"Over","Under"
"190","SVK",1996,"Europe","Eastern Europe",0.234497477176018,7,356,7,7.282012160418,393.471428571429,5,3,2,4,"Over","Over"
"191","SVN",1996,"Europe","Southern Europe",0.283241334791258,8,430,8,16.9967919202331,344.471428571429,4,6,4,2,"Over","Over"
"192","SWE",1996,"Europe","Northern Europe",1.28051431356792,10,1944,10,16.322976988372,1525.15714285714,8,6,2,4,"Over","Over"
"193","SWZ",1997,"Africa","Sub-Saharan Africa",0.0111979132359334,2,17,2,8.36747347094141,83.6142857142857,3,3,-1,-1,"Under","Under"
"194","SXM",2010,"Americas","Latin America and the Caribbean",0.00131740155716864,1,2,1,68.65503557662,26,2,10,-1,-9,"Under","Under"
"195","SYC",2004,"Africa","Sub-Saharan Africa",0.00592830700725888,2,9,2,41.9270918733145,35.7857142857143,2,8,0,-6,"Fair","Under"
"196","SYR",1996,"Asia","Western Asia",0.95445742816868,9,1449,9,20.9618481833056,3644.91428571429,9,6,0,3,"Fair","Over"
"197","TCD",1997,"Africa","Sub-Saharan Africa",0.0276654327005415,3,42,3,5.02662246801109,520.714285714286,5,2,-2,1,"Under","Over"
"198","TGO",1996,"Africa","Sub-Saharan Africa",0.0243719288076199,3,37,3,9.59532709817155,567.985714285714,5,4,-2,-1,"Under","Under"
"199","THA",1996,"Asia","South-eastern Asia",0.597441606175979,9,907,9,4.26970882573189,2826.91428571429,9,2,0,7,"Fair","Over"
"200","TJK",1997,"Asia","Central Asia",0.118566140145178,6,180,6,12.9845508893338,880.742857142857,6,5,0,1,"Fair","Over"
"201","TKL",2011,"Oceania","Melanesia, Micronesia, Polynesia",0.00197610233575296,1,3,1,NA,NA,NA,NA,NA,NA,NA,NA
"202","TKM",1997,"Asia","Central Asia",0.0270067319219571,3,41,3,10.0585801042617,468.157142857143,5,4,-2,-1,"Under","Under"
"203","TLS",1996,"Asia","South-eastern Asia",0.0263480311433728,3,40,3,7.66085331663668,73.5,3,3,0,0,"Fair","Fair"
"204","TON",1996,"Oceania","Melanesia, Micronesia, Polynesia",0.0421568498293965,4,64,4,53.5170193433273,53.9142857142857,2,9,2,-5,"Over","Under"
"205","TTO",1996,"Americas","Latin America and the Caribbean",0.0579656685154202,5,88,5,27.1125216087368,355.585714285714,4,7,1,-2,"Over","Under"
"206","TUN",1996,"Africa","Northern Africa",0.0961703136733108,5,146,5,6.42418138987823,658.314285714286,5,2,0,3,"Fair","Over"
"207","TUR",1996,"Asia","Western Asia",2.16646686076383,10,3289,10,7.45731917211568,5237.22857142857,10,3,0,7,"Fair","Over"
"208","TUV",2003,"Oceania","Melanesia, Micronesia, Polynesia",0.014491417128855,3,22,3,31.2020448958686,3.15714285714286,1,7,2,-4,"Over","Under"
"209","TWN",1996,"Asia",NA,0.413005388172369,8,627,8,NA,NA,NA,NA,NA,NA,NA,NA
"210","TZA",1996,"Africa","Sub-Saharan Africa",0.108026927687829,6,164,6,2.49201989743025,898.285714285714,6,1,0,5,"Fair","Over"
"211","UGA",1996,"Africa","Sub-Saharan Africa",0.177190509439182,6,269,6,4.58555574820764,1352.95714285714,7,2,-1,4,"Under","Over"
"212","UKR",1996,"Europe","Eastern Europe",0.621813534983598,9,944,9,23.4743249189171,11150.7142857143,10,7,-1,2,"Under","Over"
"213","URY",1996,"Americas","Latin America and the Caribbean",0.0540134638439143,4,82,4,11.5694868075035,384.414285714286,4,4,0,0,"Fair","Fair"
"214","USA",1996,"Americas","Northern America",18.3896083365171,10,27918,10,13.6673631961864,40712.0571428571,10,5,0,5,"Fair","Over"
"215","UZB",1996,"Asia","Central Asia",0.121200943259515,6,184,6,11.8045536129773,3085.37142857143,9,4,-3,2,"Under","Over"
"216","VAT",1996,"Europe","Southern Europe",0.0171262202431923,3,26,3,114.285714285714,0.914285714285714,1,10,2,-7,"Over","Under"
"217","VCT",2022,"Americas","Latin America and the Caribbean",0.00065870077858432,1,1,1,NA,NA,NA,NA,NA,NA,NA,NA
"218","VEN",1997,"Americas","Latin America and the Caribbean",0.1890471234537,7,287,7,8.66958381335357,2296.9,9,3,-2,4,"Under","Over"
"219","VGB",2002,"Americas","Latin America and the Caribbean",0.00724570856442752,2,11,2,78.9008502149777,19.2,1,10,1,-8,"Over","Under"
"220","VIR",2002,"Americas","Latin America and the Caribbean",0.00395220467150592,1,6,1,55.6824150918368,59.1285714285714,2,9,-1,-8,"Under","Under"
"221","VNM",1996,"Asia","South-eastern Asia",0.959727034397355,10,1457,10,2.91772660002851,2459.17142857143,9,1,1,9,"Over","Over"
"222","VUT",2007,"Oceania","Melanesia, Micronesia, Polynesia",0.0237132280290355,3,36,3,4.4319611372852,9.34285714285714,1,2,2,1,"Over","Over"
"223","WSM",1996,"Oceania","Melanesia, Micronesia, Polynesia",0.0414981490508122,4,63,4,58.1795944499487,105.885714285714,3,9,1,-5,"Over","Under"
"224","YEM",1998,"Asia","Western Asia",0.0632352747440947,5,96,5,4.72848512088056,1000.05714285714,6,2,-1,3,"Under","Over"
"225","ZAF",1996,"Africa","Sub-Saharan Africa",1.18368529911602,10,1797,10,4.85088363433971,2426.5,9,2,1,8,"Over","Over"
"226","ZMB",1998,"Africa","Sub-Saharan Africa",0.049402558393824,4,75,4,3.39634566639078,389.457142857143,5,1,-1,3,"Under","Over"
"227","ZWE",1997,"Africa","Sub-Saharan Africa",0.221982162382916,7,337,7,8.54984076621831,1086.17142857143,7,3,0,4,"Fair","Over"
