"pubyear","ISO3","team_continent","n","country_nm","continent","continent_fct","country_nm_fct"
1996,"MAR","Europe",4,"Morocco","Africa","Africa","Morocco"
1997,"MAR","Europe",3,"Morocco","Africa","Africa","Morocco"
1998,"MAR","Europe",9,"Morocco","Africa","Africa","Morocco"
1999,"MAR","Asia",1,"Morocco","Africa","Africa","Morocco"
1999,"MAR","Europe",4,"Morocco","Africa","Africa","Morocco"
2000,"MAR","Europe",8,"Morocco","Africa","Africa","Morocco"
2000,"MAR","Northern America",1,"Morocco","Africa","Africa","Morocco"
2001,"MAR","Asia",2,"Morocco","Africa","Africa","Morocco"
2001,"MAR","Europe",12,"Morocco","Africa","Africa","Morocco"
2001,"MAR","Northern America",1,"Morocco","Africa","Africa","Morocco"
2002,"MAR","Collaboration",1,"Morocco","Africa","Africa","Morocco"
2002,"MAR","Europe",16,"Morocco","Africa","Africa","Morocco"
2002,"MAR","Northern America",2,"Morocco","Africa","Africa","Morocco"
2003,"MAR","Europe",10,"Morocco","Africa","Africa","Morocco"
2004,"MAR","Europe",11,"Morocco","Africa","Africa","Morocco"
2005,"MAR","Europe",13,"Morocco","Africa","Africa","Morocco"
2005,"MAR","Northern America",1,"Morocco","Africa","Africa","Morocco"
2006,"MAR","Collaboration",1,"Morocco","Africa","Africa","Morocco"
2006,"MAR","Europe",24,"Morocco","Africa","Africa","Morocco"
2006,"MAR","Northern America",3,"Morocco","Africa","Africa","Morocco"
2007,"MAR","Collaboration",1,"Morocco","Africa","Africa","Morocco"
2007,"MAR","Europe",15,"Morocco","Africa","Africa","Morocco"
2007,"MAR","Northern America",2,"Morocco","Africa","Africa","Morocco"
2008,"MAR","Collaboration",3,"Morocco","Africa","Africa","Morocco"
2008,"MAR","Europe",22,"Morocco","Africa","Africa","Morocco"
2008,"MAR","Northern America",1,"Morocco","Africa","Africa","Morocco"
2009,"MAR","Africa",4,"Morocco","Africa","Africa","Morocco"
2009,"MAR","Collaboration",3,"Morocco","Africa","Africa","Morocco"
2009,"MAR","Europe",25,"Morocco","Africa","Africa","Morocco"
2010,"MAR","Asia",1,"Morocco","Africa","Africa","Morocco"
2010,"MAR","Collaboration",3,"Morocco","Africa","Africa","Morocco"
2010,"MAR","Europe",25,"Morocco","Africa","Africa","Morocco"
2010,"MAR","Northern America",4,"Morocco","Africa","Africa","Morocco"
2011,"MAR","Africa",2,"Morocco","Africa","Africa","Morocco"
2011,"MAR","Asia",1,"Morocco","Africa","Africa","Morocco"
2011,"MAR","Collaboration",4,"Morocco","Africa","Africa","Morocco"
2011,"MAR","Europe",37,"Morocco","Africa","Africa","Morocco"
2011,"MAR","Northern America",7,"Morocco","Africa","Africa","Morocco"
2012,"MAR","Africa",4,"Morocco","Africa","Africa","Morocco"
2012,"MAR","Collaboration",10,"Morocco","Africa","Africa","Morocco"
2012,"MAR","Europe",45,"Morocco","Africa","Africa","Morocco"
2012,"MAR","Northern America",2,"Morocco","Africa","Africa","Morocco"
2013,"MAR","Collaboration",7,"Morocco","Africa","Africa","Morocco"
2013,"MAR","Europe",46,"Morocco","Africa","Africa","Morocco"
2013,"MAR","Northern America",6,"Morocco","Africa","Africa","Morocco"
2013,"MAR","Oceania",1,"Morocco","Africa","Africa","Morocco"
2014,"MAR","Africa",1,"Morocco","Africa","Africa","Morocco"
2014,"MAR","Collaboration",12,"Morocco","Africa","Africa","Morocco"
2014,"MAR","Europe",46,"Morocco","Africa","Africa","Morocco"
2014,"MAR","Northern America",3,"Morocco","Africa","Africa","Morocco"
2015,"MAR","Africa",5,"Morocco","Africa","Africa","Morocco"
2015,"MAR","Asia",2,"Morocco","Africa","Africa","Morocco"
2015,"MAR","Collaboration",7,"Morocco","Africa","Africa","Morocco"
2015,"MAR","Europe",57,"Morocco","Africa","Africa","Morocco"
2015,"MAR","Lat.America & Car.",1,"Morocco","Africa","Africa","Morocco"
2015,"MAR","Northern America",6,"Morocco","Africa","Africa","Morocco"
2016,"MAR","Africa",2,"Morocco","Africa","Africa","Morocco"
2016,"MAR","Asia",1,"Morocco","Africa","Africa","Morocco"
2016,"MAR","Collaboration",6,"Morocco","Africa","Africa","Morocco"
2016,"MAR","Europe",56,"Morocco","Africa","Africa","Morocco"
2016,"MAR","Northern America",5,"Morocco","Africa","Africa","Morocco"
2017,"MAR","Africa",1,"Morocco","Africa","Africa","Morocco"
2017,"MAR","Asia",1,"Morocco","Africa","Africa","Morocco"
2017,"MAR","Collaboration",8,"Morocco","Africa","Africa","Morocco"
2017,"MAR","Europe",53,"Morocco","Africa","Africa","Morocco"
2017,"MAR","Northern America",7,"Morocco","Africa","Africa","Morocco"
2018,"MAR","Collaboration",6,"Morocco","Africa","Africa","Morocco"
2018,"MAR","Europe",47,"Morocco","Africa","Africa","Morocco"
2018,"MAR","Northern America",8,"Morocco","Africa","Africa","Morocco"
2018,"MAR","Oceania",1,"Morocco","Africa","Africa","Morocco"
2019,"MAR","Asia",1,"Morocco","Africa","Africa","Morocco"
2019,"MAR","Collaboration",12,"Morocco","Africa","Africa","Morocco"
2019,"MAR","Europe",53,"Morocco","Africa","Africa","Morocco"
2019,"MAR","Northern America",13,"Morocco","Africa","Africa","Morocco"
2020,"MAR","Africa",5,"Morocco","Africa","Africa","Morocco"
2020,"MAR","Asia",1,"Morocco","Africa","Africa","Morocco"
2020,"MAR","Collaboration",12,"Morocco","Africa","Africa","Morocco"
2020,"MAR","Europe",46,"Morocco","Africa","Africa","Morocco"
2020,"MAR","Northern America",9,"Morocco","Africa","Africa","Morocco"
2021,"MAR","Africa",3,"Morocco","Africa","Africa","Morocco"
2021,"MAR","Collaboration",12,"Morocco","Africa","Africa","Morocco"
2021,"MAR","Europe",48,"Morocco","Africa","Africa","Morocco"
2021,"MAR","Northern America",7,"Morocco","Africa","Africa","Morocco"
2022,"MAR","Africa",1,"Morocco","Africa","Africa","Morocco"
2022,"MAR","Asia",2,"Morocco","Africa","Africa","Morocco"
2022,"MAR","Collaboration",6,"Morocco","Africa","Africa","Morocco"
2022,"MAR","Europe",51,"Morocco","Africa","Africa","Morocco"
2022,"MAR","Northern America",5,"Morocco","Africa","Africa","Morocco"
1996,"USA","Asia",1,"United States of America","Americas","Americas","United States of America"
1996,"USA","Collaboration",7,"United States of America","Americas","Americas","United States of America"
1996,"USA","Europe",10,"United States of America","Americas","Americas","United States of America"
1996,"USA","Lat.America & Car.",3,"United States of America","Americas","Americas","United States of America"
1996,"USA","Northern America",111,"United States of America","Americas","Americas","United States of America"
1997,"USA","Asia",2,"United States of America","Americas","Americas","United States of America"
1997,"USA","Collaboration",2,"United States of America","Americas","Americas","United States of America"
1997,"USA","Europe",6,"United States of America","Americas","Americas","United States of America"
1997,"USA","Lat.America & Car.",4,"United States of America","Americas","Americas","United States of America"
1997,"USA","Northern America",153,"United States of America","Americas","Americas","United States of America"
1997,"USA","Oceania",2,"United States of America","Americas","Americas","United States of America"
1998,"USA","Asia",2,"United States of America","Americas","Americas","United States of America"
1998,"USA","Collaboration",1,"United States of America","Americas","Americas","United States of America"
1998,"USA","Europe",22,"United States of America","Americas","Americas","United States of America"
1998,"USA","Lat.America & Car.",4,"United States of America","Americas","Americas","United States of America"
1998,"USA","Northern America",164,"United States of America","Americas","Americas","United States of America"
1998,"USA","Oceania",2,"United States of America","Americas","Americas","United States of America"
1999,"USA","Africa",1,"United States of America","Americas","Americas","United States of America"
1999,"USA","Asia",2,"United States of America","Americas","Americas","United States of America"
1999,"USA","Collaboration",4,"United States of America","Americas","Americas","United States of America"
1999,"USA","Europe",18,"United States of America","Americas","Americas","United States of America"
1999,"USA","Lat.America & Car.",6,"United States of America","Americas","Americas","United States of America"
1999,"USA","Northern America",153,"United States of America","Americas","Americas","United States of America"
1999,"USA","Oceania",4,"United States of America","Americas","Americas","United States of America"
2000,"USA","Africa",1,"United States of America","Americas","Americas","United States of America"
2000,"USA","Asia",4,"United States of America","Americas","Americas","United States of America"
2000,"USA","Collaboration",8,"United States of America","Americas","Americas","United States of America"
2000,"USA","Europe",18,"United States of America","Americas","Americas","United States of America"
2000,"USA","Lat.America & Car.",6,"United States of America","Americas","Americas","United States of America"
2000,"USA","Northern America",197,"United States of America","Americas","Americas","United States of America"
2000,"USA","Oceania",4,"United States of America","Americas","Americas","United States of America"
2001,"USA","Asia",4,"United States of America","Americas","Americas","United States of America"
2001,"USA","Collaboration",10,"United States of America","Americas","Americas","United States of America"
2001,"USA","Europe",23,"United States of America","Americas","Americas","United States of America"
2001,"USA","Lat.America & Car.",4,"United States of America","Americas","Americas","United States of America"
2001,"USA","Northern America",221,"United States of America","Americas","Americas","United States of America"
2001,"USA","Oceania",4,"United States of America","Americas","Americas","United States of America"
2002,"USA","Asia",5,"United States of America","Americas","Americas","United States of America"
2002,"USA","Collaboration",10,"United States of America","Americas","Americas","United States of America"
2002,"USA","Europe",36,"United States of America","Americas","Americas","United States of America"
2002,"USA","Lat.America & Car.",3,"United States of America","Americas","Americas","United States of America"
2002,"USA","Northern America",258,"United States of America","Americas","Americas","United States of America"
2002,"USA","Oceania",4,"United States of America","Americas","Americas","United States of America"
2003,"USA","Africa",2,"United States of America","Americas","Americas","United States of America"
2003,"USA","Asia",12,"United States of America","Americas","Americas","United States of America"
2003,"USA","Collaboration",15,"United States of America","Americas","Americas","United States of America"
2003,"USA","Europe",44,"United States of America","Americas","Americas","United States of America"
2003,"USA","Lat.America & Car.",9,"United States of America","Americas","Americas","United States of America"
2003,"USA","Northern America",284,"United States of America","Americas","Americas","United States of America"
2003,"USA","Oceania",5,"United States of America","Americas","Americas","United States of America"
2004,"USA","Africa",1,"United States of America","Americas","Americas","United States of America"
2004,"USA","Asia",8,"United States of America","Americas","Americas","United States of America"
2004,"USA","Collaboration",16,"United States of America","Americas","Americas","United States of America"
2004,"USA","Europe",65,"United States of America","Americas","Americas","United States of America"
2004,"USA","Lat.America & Car.",14,"United States of America","Americas","Americas","United States of America"
2004,"USA","Northern America",354,"United States of America","Americas","Americas","United States of America"
2004,"USA","Oceania",15,"United States of America","Americas","Americas","United States of America"
2005,"USA","Africa",1,"United States of America","Americas","Americas","United States of America"
2005,"USA","Asia",10,"United States of America","Americas","Americas","United States of America"
2005,"USA","Collaboration",29,"United States of America","Americas","Americas","United States of America"
2005,"USA","Europe",56,"United States of America","Americas","Americas","United States of America"
2005,"USA","Lat.America & Car.",5,"United States of America","Americas","Americas","United States of America"
2005,"USA","Northern America",410,"United States of America","Americas","Americas","United States of America"
2005,"USA","Oceania",8,"United States of America","Americas","Americas","United States of America"
2006,"USA","Africa",4,"United States of America","Americas","Americas","United States of America"
2006,"USA","Asia",7,"United States of America","Americas","Americas","United States of America"
2006,"USA","Collaboration",24,"United States of America","Americas","Americas","United States of America"
2006,"USA","Europe",61,"United States of America","Americas","Americas","United States of America"
2006,"USA","Lat.America & Car.",5,"United States of America","Americas","Americas","United States of America"
2006,"USA","Northern America",420,"United States of America","Americas","Americas","United States of America"
2006,"USA","Oceania",9,"United States of America","Americas","Americas","United States of America"
2007,"USA","Africa",1,"United States of America","Americas","Americas","United States of America"
2007,"USA","Asia",13,"United States of America","Americas","Americas","United States of America"
2007,"USA","Collaboration",38,"United States of America","Americas","Americas","United States of America"
2007,"USA","Europe",55,"United States of America","Americas","Americas","United States of America"
2007,"USA","Lat.America & Car.",4,"United States of America","Americas","Americas","United States of America"
2007,"USA","Northern America",497,"United States of America","Americas","Americas","United States of America"
2007,"USA","Oceania",13,"United States of America","Americas","Americas","United States of America"
2008,"USA","Africa",2,"United States of America","Americas","Americas","United States of America"
2008,"USA","Asia",10,"United States of America","Americas","Americas","United States of America"
2008,"USA","Collaboration",42,"United States of America","Americas","Americas","United States of America"
2008,"USA","Europe",75,"United States of America","Americas","Americas","United States of America"
2008,"USA","Lat.America & Car.",12,"United States of America","Americas","Americas","United States of America"
2008,"USA","Northern America",521,"United States of America","Americas","Americas","United States of America"
2008,"USA","Oceania",14,"United States of America","Americas","Americas","United States of America"
2009,"USA","Africa",4,"United States of America","Americas","Americas","United States of America"
2009,"USA","Asia",10,"United States of America","Americas","Americas","United States of America"
2009,"USA","Collaboration",45,"United States of America","Americas","Americas","United States of America"
2009,"USA","Europe",106,"United States of America","Americas","Americas","United States of America"
2009,"USA","Lat.America & Car.",18,"United States of America","Americas","Americas","United States of America"
2009,"USA","Northern America",556,"United States of America","Americas","Americas","United States of America"
2009,"USA","Oceania",22,"United States of America","Americas","Americas","United States of America"
2010,"USA","Africa",4,"United States of America","Americas","Americas","United States of America"
2010,"USA","Asia",16,"United States of America","Americas","Americas","United States of America"
2010,"USA","Collaboration",81,"United States of America","Americas","Americas","United States of America"
2010,"USA","Europe",127,"United States of America","Americas","Americas","United States of America"
2010,"USA","Lat.America & Car.",17,"United States of America","Americas","Americas","United States of America"
2010,"USA","Northern America",811,"United States of America","Americas","Americas","United States of America"
2010,"USA","Oceania",10,"United States of America","Americas","Americas","United States of America"
2011,"USA","Africa",7,"United States of America","Americas","Americas","United States of America"
2011,"USA","Asia",15,"United States of America","Americas","Americas","United States of America"
2011,"USA","Collaboration",91,"United States of America","Americas","Americas","United States of America"
2011,"USA","Europe",171,"United States of America","Americas","Americas","United States of America"
2011,"USA","Lat.America & Car.",20,"United States of America","Americas","Americas","United States of America"
2011,"USA","Northern America",901,"United States of America","Americas","Americas","United States of America"
2011,"USA","Oceania",12,"United States of America","Americas","Americas","United States of America"
2012,"USA","Africa",5,"United States of America","Americas","Americas","United States of America"
2012,"USA","Asia",28,"United States of America","Americas","Americas","United States of America"
2012,"USA","Collaboration",96,"United States of America","Americas","Americas","United States of America"
2012,"USA","Europe",130,"United States of America","Americas","Americas","United States of America"
2012,"USA","Lat.America & Car.",24,"United States of America","Americas","Americas","United States of America"
2012,"USA","Northern America",888,"United States of America","Americas","Americas","United States of America"
2012,"USA","Oceania",18,"United States of America","Americas","Americas","United States of America"
2013,"USA","Africa",8,"United States of America","Americas","Americas","United States of America"
2013,"USA","Asia",31,"United States of America","Americas","Americas","United States of America"
2013,"USA","Collaboration",111,"United States of America","Americas","Americas","United States of America"
2013,"USA","Europe",167,"United States of America","Americas","Americas","United States of America"
2013,"USA","Lat.America & Car.",21,"United States of America","Americas","Americas","United States of America"
2013,"USA","Northern America",907,"United States of America","Americas","Americas","United States of America"
2013,"USA","Oceania",24,"United States of America","Americas","Americas","United States of America"
2014,"USA","Africa",5,"United States of America","Americas","Americas","United States of America"
2014,"USA","Asia",36,"United States of America","Americas","Americas","United States of America"
2014,"USA","Collaboration",104,"United States of America","Americas","Americas","United States of America"
2014,"USA","Europe",209,"United States of America","Americas","Americas","United States of America"
2014,"USA","Lat.America & Car.",34,"United States of America","Americas","Americas","United States of America"
2014,"USA","Northern America",883,"United States of America","Americas","Americas","United States of America"
2014,"USA","Oceania",21,"United States of America","Americas","Americas","United States of America"
2015,"USA","Africa",9,"United States of America","Americas","Americas","United States of America"
2015,"USA","Asia",23,"United States of America","Americas","Americas","United States of America"
2015,"USA","Collaboration",107,"United States of America","Americas","Americas","United States of America"
2015,"USA","Europe",164,"United States of America","Americas","Americas","United States of America"
2015,"USA","Lat.America & Car.",46,"United States of America","Americas","Americas","United States of America"
2015,"USA","Northern America",963,"United States of America","Americas","Americas","United States of America"
2015,"USA","Oceania",17,"United States of America","Americas","Americas","United States of America"
2016,"USA","Africa",6,"United States of America","Americas","Americas","United States of America"
2016,"USA","Asia",32,"United States of America","Americas","Americas","United States of America"
2016,"USA","Collaboration",136,"United States of America","Americas","Americas","United States of America"
2016,"USA","Europe",196,"United States of America","Americas","Americas","United States of America"
2016,"USA","Lat.America & Car.",36,"United States of America","Americas","Americas","United States of America"
2016,"USA","Northern America",960,"United States of America","Americas","Americas","United States of America"
2016,"USA","Oceania",23,"United States of America","Americas","Americas","United States of America"
2017,"USA","Africa",12,"United States of America","Americas","Americas","United States of America"
2017,"USA","Asia",46,"United States of America","Americas","Americas","United States of America"
2017,"USA","Collaboration",131,"United States of America","Americas","Americas","United States of America"
2017,"USA","Europe",227,"United States of America","Americas","Americas","United States of America"
2017,"USA","Lat.America & Car.",37,"United States of America","Americas","Americas","United States of America"
2017,"USA","Northern America",949,"United States of America","Americas","Americas","United States of America"
2017,"USA","Oceania",26,"United States of America","Americas","Americas","United States of America"
2018,"USA","Africa",10,"United States of America","Americas","Americas","United States of America"
2018,"USA","Asia",43,"United States of America","Americas","Americas","United States of America"
2018,"USA","Collaboration",149,"United States of America","Americas","Americas","United States of America"
2018,"USA","Europe",229,"United States of America","Americas","Americas","United States of America"
2018,"USA","Lat.America & Car.",42,"United States of America","Americas","Americas","United States of America"
2018,"USA","Northern America",1072,"United States of America","Americas","Americas","United States of America"
2018,"USA","Oceania",24,"United States of America","Americas","Americas","United States of America"
2019,"USA","Africa",10,"United States of America","Americas","Americas","United States of America"
2019,"USA","Asia",37,"United States of America","Americas","Americas","United States of America"
2019,"USA","Collaboration",156,"United States of America","Americas","Americas","United States of America"
2019,"USA","Europe",266,"United States of America","Americas","Americas","United States of America"
2019,"USA","Lat.America & Car.",83,"United States of America","Americas","Americas","United States of America"
2019,"USA","Northern America",1145,"United States of America","Americas","Americas","United States of America"
2019,"USA","Oceania",26,"United States of America","Americas","Americas","United States of America"
2020,"USA","Africa",17,"United States of America","Americas","Americas","United States of America"
2020,"USA","Asia",71,"United States of America","Americas","Americas","United States of America"
2020,"USA","Collaboration",192,"United States of America","Americas","Americas","United States of America"
2020,"USA","Europe",308,"United States of America","Americas","Americas","United States of America"
2020,"USA","Lat.America & Car.",76,"United States of America","Americas","Americas","United States of America"
2020,"USA","Northern America",1251,"United States of America","Americas","Americas","United States of America"
2020,"USA","Oceania",25,"United States of America","Americas","Americas","United States of America"
2021,"USA","Africa",13,"United States of America","Americas","Americas","United States of America"
2021,"USA","Asia",56,"United States of America","Americas","Americas","United States of America"
2021,"USA","Collaboration",229,"United States of America","Americas","Americas","United States of America"
2021,"USA","Europe",314,"United States of America","Americas","Americas","United States of America"
2021,"USA","Lat.America & Car.",81,"United States of America","Americas","Americas","United States of America"
2021,"USA","Northern America",1684,"United States of America","Americas","Americas","United States of America"
2021,"USA","Oceania",29,"United States of America","Americas","Americas","United States of America"
2022,"USA","Africa",19,"United States of America","Americas","Americas","United States of America"
2022,"USA","Asia",89,"United States of America","Americas","Americas","United States of America"
2022,"USA","Collaboration",305,"United States of America","Americas","Americas","United States of America"
2022,"USA","Europe",356,"United States of America","Americas","Americas","United States of America"
2022,"USA","Lat.America & Car.",108,"United States of America","Americas","Americas","United States of America"
2022,"USA","Northern America",1944,"United States of America","Americas","Americas","United States of America"
2022,"USA","Oceania",38,"United States of America","Americas","Americas","United States of America"
1997,"VEN","Lat.America & Car.",1,"Venezuela (Bolivarian Republic of)","Americas","Americas","Venezuela (Bolivarian Republic of)"
1999,"VEN","Africa",1,"Venezuela (Bolivarian Republic of)","Americas","Americas","Venezuela (Bolivarian Republic of)"
2002,"VEN","Northern America",1,"Venezuela (Bolivarian Republic of)","Americas","Americas","Venezuela (Bolivarian Republic of)"
2004,"VEN","Europe",1,"Venezuela (Bolivarian Republic of)","Americas","Americas","Venezuela (Bolivarian Republic of)"
2005,"VEN","Collaboration",1,"Venezuela (Bolivarian Republic of)","Americas","Americas","Venezuela (Bolivarian Republic of)"
2005,"VEN","Europe",1,"Venezuela (Bolivarian Republic of)","Americas","Americas","Venezuela (Bolivarian Republic of)"
2005,"VEN","Lat.America & Car.",2,"Venezuela (Bolivarian Republic of)","Americas","Americas","Venezuela (Bolivarian Republic of)"
2008,"VEN","Collaboration",2,"Venezuela (Bolivarian Republic of)","Americas","Americas","Venezuela (Bolivarian Republic of)"
2008,"VEN","Northern America",1,"Venezuela (Bolivarian Republic of)","Americas","Americas","Venezuela (Bolivarian Republic of)"
2009,"VEN","Europe",1,"Venezuela (Bolivarian Republic of)","Americas","Americas","Venezuela (Bolivarian Republic of)"
2009,"VEN","Northern America",2,"Venezuela (Bolivarian Republic of)","Americas","Americas","Venezuela (Bolivarian Republic of)"
2010,"VEN","Collaboration",2,"Venezuela (Bolivarian Republic of)","Americas","Americas","Venezuela (Bolivarian Republic of)"
2010,"VEN","Lat.America & Car.",1,"Venezuela (Bolivarian Republic of)","Americas","Americas","Venezuela (Bolivarian Republic of)"
2010,"VEN","Northern America",1,"Venezuela (Bolivarian Republic of)","Americas","Americas","Venezuela (Bolivarian Republic of)"
2011,"VEN","Collaboration",1,"Venezuela (Bolivarian Republic of)","Americas","Americas","Venezuela (Bolivarian Republic of)"
2011,"VEN","Europe",1,"Venezuela (Bolivarian Republic of)","Americas","Americas","Venezuela (Bolivarian Republic of)"
2011,"VEN","Lat.America & Car.",1,"Venezuela (Bolivarian Republic of)","Americas","Americas","Venezuela (Bolivarian Republic of)"
2011,"VEN","Northern America",1,"Venezuela (Bolivarian Republic of)","Americas","Americas","Venezuela (Bolivarian Republic of)"
2012,"VEN","Lat.America & Car.",1,"Venezuela (Bolivarian Republic of)","Americas","Americas","Venezuela (Bolivarian Republic of)"
2012,"VEN","Northern America",1,"Venezuela (Bolivarian Republic of)","Americas","Americas","Venezuela (Bolivarian Republic of)"
2013,"VEN","Collaboration",1,"Venezuela (Bolivarian Republic of)","Americas","Americas","Venezuela (Bolivarian Republic of)"
2013,"VEN","Lat.America & Car.",1,"Venezuela (Bolivarian Republic of)","Americas","Americas","Venezuela (Bolivarian Republic of)"
2013,"VEN","Northern America",2,"Venezuela (Bolivarian Republic of)","Americas","Americas","Venezuela (Bolivarian Republic of)"
2014,"VEN","Collaboration",1,"Venezuela (Bolivarian Republic of)","Americas","Americas","Venezuela (Bolivarian Republic of)"
2014,"VEN","Europe",2,"Venezuela (Bolivarian Republic of)","Americas","Americas","Venezuela (Bolivarian Republic of)"
2014,"VEN","Lat.America & Car.",1,"Venezuela (Bolivarian Republic of)","Americas","Americas","Venezuela (Bolivarian Republic of)"
2014,"VEN","Northern America",3,"Venezuela (Bolivarian Republic of)","Americas","Americas","Venezuela (Bolivarian Republic of)"
2015,"VEN","Europe",1,"Venezuela (Bolivarian Republic of)","Americas","Americas","Venezuela (Bolivarian Republic of)"
2015,"VEN","Northern America",1,"Venezuela (Bolivarian Republic of)","Americas","Americas","Venezuela (Bolivarian Republic of)"
2016,"VEN","Collaboration",1,"Venezuela (Bolivarian Republic of)","Americas","Americas","Venezuela (Bolivarian Republic of)"
2016,"VEN","Europe",1,"Venezuela (Bolivarian Republic of)","Americas","Americas","Venezuela (Bolivarian Republic of)"
2016,"VEN","Lat.America & Car.",2,"Venezuela (Bolivarian Republic of)","Americas","Americas","Venezuela (Bolivarian Republic of)"
2016,"VEN","Northern America",2,"Venezuela (Bolivarian Republic of)","Americas","Americas","Venezuela (Bolivarian Republic of)"
2017,"VEN","Collaboration",2,"Venezuela (Bolivarian Republic of)","Americas","Americas","Venezuela (Bolivarian Republic of)"
2017,"VEN","Europe",1,"Venezuela (Bolivarian Republic of)","Americas","Americas","Venezuela (Bolivarian Republic of)"
2017,"VEN","Lat.America & Car.",4,"Venezuela (Bolivarian Republic of)","Americas","Americas","Venezuela (Bolivarian Republic of)"
2017,"VEN","Northern America",1,"Venezuela (Bolivarian Republic of)","Americas","Americas","Venezuela (Bolivarian Republic of)"
2018,"VEN","Europe",4,"Venezuela (Bolivarian Republic of)","Americas","Americas","Venezuela (Bolivarian Republic of)"
2018,"VEN","Lat.America & Car.",3,"Venezuela (Bolivarian Republic of)","Americas","Americas","Venezuela (Bolivarian Republic of)"
2018,"VEN","Northern America",2,"Venezuela (Bolivarian Republic of)","Americas","Americas","Venezuela (Bolivarian Republic of)"
2019,"VEN","Collaboration",6,"Venezuela (Bolivarian Republic of)","Americas","Americas","Venezuela (Bolivarian Republic of)"
2019,"VEN","Europe",6,"Venezuela (Bolivarian Republic of)","Americas","Americas","Venezuela (Bolivarian Republic of)"
2019,"VEN","Lat.America & Car.",9,"Venezuela (Bolivarian Republic of)","Americas","Americas","Venezuela (Bolivarian Republic of)"
2019,"VEN","Northern America",2,"Venezuela (Bolivarian Republic of)","Americas","Americas","Venezuela (Bolivarian Republic of)"
2020,"VEN","Asia",2,"Venezuela (Bolivarian Republic of)","Americas","Americas","Venezuela (Bolivarian Republic of)"
2020,"VEN","Collaboration",8,"Venezuela (Bolivarian Republic of)","Americas","Americas","Venezuela (Bolivarian Republic of)"
2020,"VEN","Europe",4,"Venezuela (Bolivarian Republic of)","Americas","Americas","Venezuela (Bolivarian Republic of)"
2020,"VEN","Lat.America & Car.",25,"Venezuela (Bolivarian Republic of)","Americas","Americas","Venezuela (Bolivarian Republic of)"
2020,"VEN","Northern America",7,"Venezuela (Bolivarian Republic of)","Americas","Americas","Venezuela (Bolivarian Republic of)"
2021,"VEN","Collaboration",16,"Venezuela (Bolivarian Republic of)","Americas","Americas","Venezuela (Bolivarian Republic of)"
2021,"VEN","Europe",6,"Venezuela (Bolivarian Republic of)","Americas","Americas","Venezuela (Bolivarian Republic of)"
2021,"VEN","Lat.America & Car.",29,"Venezuela (Bolivarian Republic of)","Americas","Americas","Venezuela (Bolivarian Republic of)"
2021,"VEN","Northern America",8,"Venezuela (Bolivarian Republic of)","Americas","Americas","Venezuela (Bolivarian Republic of)"
2021,"VEN","Oceania",1,"Venezuela (Bolivarian Republic of)","Americas","Americas","Venezuela (Bolivarian Republic of)"
2022,"VEN","Asia",2,"Venezuela (Bolivarian Republic of)","Americas","Americas","Venezuela (Bolivarian Republic of)"
2022,"VEN","Collaboration",22,"Venezuela (Bolivarian Republic of)","Americas","Americas","Venezuela (Bolivarian Republic of)"
2022,"VEN","Europe",9,"Venezuela (Bolivarian Republic of)","Americas","Americas","Venezuela (Bolivarian Republic of)"
2022,"VEN","Lat.America & Car.",41,"Venezuela (Bolivarian Republic of)","Americas","Americas","Venezuela (Bolivarian Republic of)"
2022,"VEN","Northern America",14,"Venezuela (Bolivarian Republic of)","Americas","Americas","Venezuela (Bolivarian Republic of)"
1997,"AFG","Northern America",1,"Afghanistan","Asia","Asia","Afghanistan"
1998,"AFG","Northern America",1,"Afghanistan","Asia","Asia","Afghanistan"
1999,"AFG","Asia",1,"Afghanistan","Asia","Asia","Afghanistan"
1999,"AFG","Europe",1,"Afghanistan","Asia","Asia","Afghanistan"
2000,"AFG","Europe",1,"Afghanistan","Asia","Asia","Afghanistan"
2001,"AFG","Northern America",2,"Afghanistan","Asia","Asia","Afghanistan"
2001,"AFG","Oceania",1,"Afghanistan","Asia","Asia","Afghanistan"
2002,"AFG","Europe",2,"Afghanistan","Asia","Asia","Afghanistan"
2002,"AFG","Northern America",1,"Afghanistan","Asia","Asia","Afghanistan"
2002,"AFG","Oceania",1,"Afghanistan","Asia","Asia","Afghanistan"
2003,"AFG","Europe",1,"Afghanistan","Asia","Asia","Afghanistan"
2003,"AFG","Northern America",3,"Afghanistan","Asia","Asia","Afghanistan"
2003,"AFG","Oceania",1,"Afghanistan","Asia","Asia","Afghanistan"
2004,"AFG","Europe",3,"Afghanistan","Asia","Asia","Afghanistan"
2005,"AFG","Europe",5,"Afghanistan","Asia","Asia","Afghanistan"
2006,"AFG","Asia",1,"Afghanistan","Asia","Asia","Afghanistan"
2006,"AFG","Europe",6,"Afghanistan","Asia","Asia","Afghanistan"
2006,"AFG","Northern America",1,"Afghanistan","Asia","Asia","Afghanistan"
2006,"AFG","Oceania",4,"Afghanistan","Asia","Asia","Afghanistan"
2007,"AFG","Asia",1,"Afghanistan","Asia","Asia","Afghanistan"
2007,"AFG","Europe",8,"Afghanistan","Asia","Asia","Afghanistan"
2007,"AFG","Northern America",2,"Afghanistan","Asia","Asia","Afghanistan"
2007,"AFG","Oceania",2,"Afghanistan","Asia","Asia","Afghanistan"
2008,"AFG","Asia",1,"Afghanistan","Asia","Asia","Afghanistan"
2008,"AFG","Europe",8,"Afghanistan","Asia","Asia","Afghanistan"
2008,"AFG","Northern America",3,"Afghanistan","Asia","Asia","Afghanistan"
2009,"AFG","Europe",7,"Afghanistan","Asia","Asia","Afghanistan"
2009,"AFG","Northern America",1,"Afghanistan","Asia","Asia","Afghanistan"
2009,"AFG","Oceania",3,"Afghanistan","Asia","Asia","Afghanistan"
2010,"AFG","Collaboration",1,"Afghanistan","Asia","Asia","Afghanistan"
2010,"AFG","Europe",4,"Afghanistan","Asia","Asia","Afghanistan"
2010,"AFG","Northern America",3,"Afghanistan","Asia","Asia","Afghanistan"
2010,"AFG","Oceania",1,"Afghanistan","Asia","Asia","Afghanistan"
2011,"AFG","Asia",2,"Afghanistan","Asia","Asia","Afghanistan"
2011,"AFG","Collaboration",2,"Afghanistan","Asia","Asia","Afghanistan"
2011,"AFG","Europe",10,"Afghanistan","Asia","Asia","Afghanistan"
2011,"AFG","Northern America",2,"Afghanistan","Asia","Asia","Afghanistan"
2011,"AFG","Oceania",3,"Afghanistan","Asia","Asia","Afghanistan"
2012,"AFG","Collaboration",4,"Afghanistan","Asia","Asia","Afghanistan"
2012,"AFG","Europe",5,"Afghanistan","Asia","Asia","Afghanistan"
2012,"AFG","Northern America",3,"Afghanistan","Asia","Asia","Afghanistan"
2012,"AFG","Oceania",2,"Afghanistan","Asia","Asia","Afghanistan"
2013,"AFG","Collaboration",2,"Afghanistan","Asia","Asia","Afghanistan"
2013,"AFG","Europe",15,"Afghanistan","Asia","Asia","Afghanistan"
2013,"AFG","Northern America",5,"Afghanistan","Asia","Asia","Afghanistan"
2013,"AFG","Oceania",2,"Afghanistan","Asia","Asia","Afghanistan"
2014,"AFG","Collaboration",2,"Afghanistan","Asia","Asia","Afghanistan"
2014,"AFG","Europe",11,"Afghanistan","Asia","Asia","Afghanistan"
2014,"AFG","Northern America",6,"Afghanistan","Asia","Asia","Afghanistan"
2014,"AFG","Oceania",3,"Afghanistan","Asia","Asia","Afghanistan"
2015,"AFG","Africa",1,"Afghanistan","Asia","Asia","Afghanistan"
2015,"AFG","Asia",3,"Afghanistan","Asia","Asia","Afghanistan"
2015,"AFG","Collaboration",4,"Afghanistan","Asia","Asia","Afghanistan"
2015,"AFG","Europe",15,"Afghanistan","Asia","Asia","Afghanistan"
2015,"AFG","Northern America",8,"Afghanistan","Asia","Asia","Afghanistan"
2015,"AFG","Oceania",5,"Afghanistan","Asia","Asia","Afghanistan"
2016,"AFG","Collaboration",4,"Afghanistan","Asia","Asia","Afghanistan"
2016,"AFG","Europe",13,"Afghanistan","Asia","Asia","Afghanistan"
2016,"AFG","Northern America",7,"Afghanistan","Asia","Asia","Afghanistan"
2016,"AFG","Oceania",6,"Afghanistan","Asia","Asia","Afghanistan"
2017,"AFG","Africa",1,"Afghanistan","Asia","Asia","Afghanistan"
2017,"AFG","Asia",2,"Afghanistan","Asia","Asia","Afghanistan"
2017,"AFG","Collaboration",5,"Afghanistan","Asia","Asia","Afghanistan"
2017,"AFG","Europe",22,"Afghanistan","Asia","Asia","Afghanistan"
2017,"AFG","Northern America",5,"Afghanistan","Asia","Asia","Afghanistan"
2017,"AFG","Oceania",4,"Afghanistan","Asia","Asia","Afghanistan"
2018,"AFG","Asia",3,"Afghanistan","Asia","Asia","Afghanistan"
2018,"AFG","Collaboration",5,"Afghanistan","Asia","Asia","Afghanistan"
2018,"AFG","Europe",35,"Afghanistan","Asia","Asia","Afghanistan"
2018,"AFG","Northern America",10,"Afghanistan","Asia","Asia","Afghanistan"
2018,"AFG","Oceania",6,"Afghanistan","Asia","Asia","Afghanistan"
2019,"AFG","Asia",3,"Afghanistan","Asia","Asia","Afghanistan"
2019,"AFG","Collaboration",5,"Afghanistan","Asia","Asia","Afghanistan"
2019,"AFG","Europe",33,"Afghanistan","Asia","Asia","Afghanistan"
2019,"AFG","Northern America",10,"Afghanistan","Asia","Asia","Afghanistan"
2019,"AFG","Oceania",5,"Afghanistan","Asia","Asia","Afghanistan"
2020,"AFG","Africa",1,"Afghanistan","Asia","Asia","Afghanistan"
2020,"AFG","Asia",2,"Afghanistan","Asia","Asia","Afghanistan"
2020,"AFG","Collaboration",5,"Afghanistan","Asia","Asia","Afghanistan"
2020,"AFG","Europe",35,"Afghanistan","Asia","Asia","Afghanistan"
2020,"AFG","Northern America",7,"Afghanistan","Asia","Asia","Afghanistan"
2020,"AFG","Oceania",3,"Afghanistan","Asia","Asia","Afghanistan"
2021,"AFG","Asia",5,"Afghanistan","Asia","Asia","Afghanistan"
2021,"AFG","Collaboration",6,"Afghanistan","Asia","Asia","Afghanistan"
2021,"AFG","Europe",32,"Afghanistan","Asia","Asia","Afghanistan"
2021,"AFG","Northern America",16,"Afghanistan","Asia","Asia","Afghanistan"
2021,"AFG","Oceania",7,"Afghanistan","Asia","Asia","Afghanistan"
2022,"AFG","Africa",1,"Afghanistan","Asia","Asia","Afghanistan"
2022,"AFG","Asia",6,"Afghanistan","Asia","Asia","Afghanistan"
2022,"AFG","Collaboration",12,"Afghanistan","Asia","Asia","Afghanistan"
2022,"AFG","Europe",46,"Afghanistan","Asia","Asia","Afghanistan"
2022,"AFG","Northern America",11,"Afghanistan","Asia","Asia","Afghanistan"
2022,"AFG","Oceania",7,"Afghanistan","Asia","Asia","Afghanistan"
1996,"IND","Africa",1,"India","Asia","Asia","India"
1996,"IND","Europe",10,"India","Asia","Asia","India"
1996,"IND","Lat.America & Car.",1,"India","Asia","Asia","India"
1996,"IND","Northern America",9,"India","Asia","Asia","India"
1997,"IND","Asia",1,"India","Asia","Asia","India"
1997,"IND","Collaboration",1,"India","Asia","Asia","India"
1997,"IND","Europe",10,"India","Asia","Asia","India"
1997,"IND","Northern America",16,"India","Asia","Asia","India"
1997,"IND","Oceania",2,"India","Asia","Asia","India"
1998,"IND","Asia",2,"India","Asia","Asia","India"
1998,"IND","Europe",16,"India","Asia","Asia","India"
1998,"IND","Lat.America & Car.",1,"India","Asia","Asia","India"
1998,"IND","Northern America",13,"India","Asia","Asia","India"
1999,"IND","Africa",2,"India","Asia","Asia","India"
1999,"IND","Asia",2,"India","Asia","Asia","India"
1999,"IND","Collaboration",1,"India","Asia","Asia","India"
1999,"IND","Europe",9,"India","Asia","Asia","India"
1999,"IND","Lat.America & Car.",1,"India","Asia","Asia","India"
1999,"IND","Northern America",14,"India","Asia","Asia","India"
2000,"IND","Asia",1,"India","Asia","Asia","India"
2000,"IND","Collaboration",3,"India","Asia","Asia","India"
2000,"IND","Europe",19,"India","Asia","Asia","India"
2000,"IND","Northern America",21,"India","Asia","Asia","India"
2000,"IND","Oceania",2,"India","Asia","Asia","India"
2001,"IND","Africa",1,"India","Asia","Asia","India"
2001,"IND","Asia",1,"India","Asia","Asia","India"
2001,"IND","Europe",16,"India","Asia","Asia","India"
2001,"IND","Northern America",14,"India","Asia","Asia","India"
2001,"IND","Oceania",2,"India","Asia","Asia","India"
2002,"IND","Asia",1,"India","Asia","Asia","India"
2002,"IND","Collaboration",1,"India","Asia","Asia","India"
2002,"IND","Europe",19,"India","Asia","Asia","India"
2002,"IND","Northern America",29,"India","Asia","Asia","India"
2002,"IND","Oceania",5,"India","Asia","Asia","India"
2003,"IND","Africa",1,"India","Asia","Asia","India"
2003,"IND","Europe",11,"India","Asia","Asia","India"
2003,"IND","Northern America",25,"India","Asia","Asia","India"
2004,"IND","Africa",1,"India","Asia","Asia","India"
2004,"IND","Asia",1,"India","Asia","Asia","India"
2004,"IND","Collaboration",3,"India","Asia","Asia","India"
2004,"IND","Europe",21,"India","Asia","Asia","India"
2004,"IND","Lat.America & Car.",5,"India","Asia","Asia","India"
2004,"IND","Northern America",39,"India","Asia","Asia","India"
2004,"IND","Oceania",7,"India","Asia","Asia","India"
2005,"IND","Africa",1,"India","Asia","Asia","India"
2005,"IND","Asia",1,"India","Asia","Asia","India"
2005,"IND","Collaboration",9,"India","Asia","Asia","India"
2005,"IND","Europe",27,"India","Asia","Asia","India"
2005,"IND","Lat.America & Car.",1,"India","Asia","Asia","India"
2005,"IND","Northern America",35,"India","Asia","Asia","India"
2005,"IND","Oceania",2,"India","Asia","Asia","India"
2006,"IND","Africa",2,"India","Asia","Asia","India"
2006,"IND","Asia",1,"India","Asia","Asia","India"
2006,"IND","Collaboration",2,"India","Asia","Asia","India"
2006,"IND","Europe",21,"India","Asia","Asia","India"
2006,"IND","Lat.America & Car.",2,"India","Asia","Asia","India"
2006,"IND","Northern America",32,"India","Asia","Asia","India"
2006,"IND","Oceania",3,"India","Asia","Asia","India"
2007,"IND","Africa",5,"India","Asia","Asia","India"
2007,"IND","Asia",3,"India","Asia","Asia","India"
2007,"IND","Collaboration",3,"India","Asia","Asia","India"
2007,"IND","Europe",25,"India","Asia","Asia","India"
2007,"IND","Lat.America & Car.",1,"India","Asia","Asia","India"
2007,"IND","Northern America",42,"India","Asia","Asia","India"
2007,"IND","Oceania",8,"India","Asia","Asia","India"
2008,"IND","Africa",1,"India","Asia","Asia","India"
2008,"IND","Asia",2,"India","Asia","Asia","India"
2008,"IND","Collaboration",6,"India","Asia","Asia","India"
2008,"IND","Europe",27,"India","Asia","Asia","India"
2008,"IND","Lat.America & Car.",1,"India","Asia","Asia","India"
2008,"IND","Northern America",39,"India","Asia","Asia","India"
2008,"IND","Oceania",4,"India","Asia","Asia","India"
2009,"IND","Africa",3,"India","Asia","Asia","India"
2009,"IND","Asia",4,"India","Asia","Asia","India"
2009,"IND","Collaboration",4,"India","Asia","Asia","India"
2009,"IND","Europe",23,"India","Asia","Asia","India"
2009,"IND","Lat.America & Car.",2,"India","Asia","Asia","India"
2009,"IND","Northern America",42,"India","Asia","Asia","India"
2009,"IND","Oceania",3,"India","Asia","Asia","India"
2010,"IND","Africa",2,"India","Asia","Asia","India"
2010,"IND","Asia",1,"India","Asia","Asia","India"
2010,"IND","Collaboration",16,"India","Asia","Asia","India"
2010,"IND","Europe",38,"India","Asia","Asia","India"
2010,"IND","Lat.America & Car.",3,"India","Asia","Asia","India"
2010,"IND","Northern America",77,"India","Asia","Asia","India"
2010,"IND","Oceania",3,"India","Asia","Asia","India"
2011,"IND","Africa",2,"India","Asia","Asia","India"
2011,"IND","Asia",7,"India","Asia","Asia","India"
2011,"IND","Collaboration",9,"India","Asia","Asia","India"
2011,"IND","Europe",40,"India","Asia","Asia","India"
2011,"IND","Lat.America & Car.",1,"India","Asia","Asia","India"
2011,"IND","Northern America",76,"India","Asia","Asia","India"
2011,"IND","Oceania",6,"India","Asia","Asia","India"
2012,"IND","Africa",3,"India","Asia","Asia","India"
2012,"IND","Asia",1,"India","Asia","Asia","India"
2012,"IND","Collaboration",16,"India","Asia","Asia","India"
2012,"IND","Europe",40,"India","Asia","Asia","India"
2012,"IND","Lat.America & Car.",7,"India","Asia","Asia","India"
2012,"IND","Northern America",72,"India","Asia","Asia","India"
2012,"IND","Oceania",17,"India","Asia","Asia","India"
2013,"IND","Africa",4,"India","Asia","Asia","India"
2013,"IND","Asia",9,"India","Asia","Asia","India"
2013,"IND","Collaboration",11,"India","Asia","Asia","India"
2013,"IND","Europe",47,"India","Asia","Asia","India"
2013,"IND","Lat.America & Car.",6,"India","Asia","Asia","India"
2013,"IND","Northern America",56,"India","Asia","Asia","India"
2013,"IND","Oceania",10,"India","Asia","Asia","India"
2014,"IND","Africa",3,"India","Asia","Asia","India"
2014,"IND","Asia",4,"India","Asia","Asia","India"
2014,"IND","Collaboration",19,"India","Asia","Asia","India"
2014,"IND","Europe",49,"India","Asia","Asia","India"
2014,"IND","Lat.America & Car.",5,"India","Asia","Asia","India"
2014,"IND","Northern America",71,"India","Asia","Asia","India"
2014,"IND","Oceania",13,"India","Asia","Asia","India"
2015,"IND","Africa",4,"India","Asia","Asia","India"
2015,"IND","Asia",7,"India","Asia","Asia","India"
2015,"IND","Collaboration",15,"India","Asia","Asia","India"
2015,"IND","Europe",58,"India","Asia","Asia","India"
2015,"IND","Lat.America & Car.",5,"India","Asia","Asia","India"
2015,"IND","Northern America",75,"India","Asia","Asia","India"
2015,"IND","Oceania",15,"India","Asia","Asia","India"
2016,"IND","Africa",5,"India","Asia","Asia","India"
2016,"IND","Asia",3,"India","Asia","Asia","India"
2016,"IND","Collaboration",12,"India","Asia","Asia","India"
2016,"IND","Europe",50,"India","Asia","Asia","India"
2016,"IND","Lat.America & Car.",3,"India","Asia","Asia","India"
2016,"IND","Northern America",76,"India","Asia","Asia","India"
2016,"IND","Oceania",14,"India","Asia","Asia","India"
2017,"IND","Africa",7,"India","Asia","Asia","India"
2017,"IND","Asia",9,"India","Asia","Asia","India"
2017,"IND","Collaboration",21,"India","Asia","Asia","India"
2017,"IND","Europe",67,"India","Asia","Asia","India"
2017,"IND","Lat.America & Car.",5,"India","Asia","Asia","India"
2017,"IND","Northern America",85,"India","Asia","Asia","India"
2017,"IND","Oceania",17,"India","Asia","Asia","India"
2018,"IND","Africa",2,"India","Asia","Asia","India"
2018,"IND","Asia",6,"India","Asia","Asia","India"
2018,"IND","Collaboration",12,"India","Asia","Asia","India"
2018,"IND","Europe",57,"India","Asia","Asia","India"
2018,"IND","Lat.America & Car.",4,"India","Asia","Asia","India"
2018,"IND","Northern America",102,"India","Asia","Asia","India"
2018,"IND","Oceania",14,"India","Asia","Asia","India"
2019,"IND","Africa",6,"India","Asia","Asia","India"
2019,"IND","Asia",8,"India","Asia","Asia","India"
2019,"IND","Collaboration",24,"India","Asia","Asia","India"
2019,"IND","Europe",72,"India","Asia","Asia","India"
2019,"IND","Lat.America & Car.",6,"India","Asia","Asia","India"
2019,"IND","Northern America",96,"India","Asia","Asia","India"
2019,"IND","Oceania",12,"India","Asia","Asia","India"
2020,"IND","Africa",9,"India","Asia","Asia","India"
2020,"IND","Asia",16,"India","Asia","Asia","India"
2020,"IND","Collaboration",17,"India","Asia","Asia","India"
2020,"IND","Europe",74,"India","Asia","Asia","India"
2020,"IND","Lat.America & Car.",7,"India","Asia","Asia","India"
2020,"IND","Northern America",103,"India","Asia","Asia","India"
2020,"IND","Oceania",15,"India","Asia","Asia","India"
2021,"IND","Africa",10,"India","Asia","Asia","India"
2021,"IND","Asia",15,"India","Asia","Asia","India"
2021,"IND","Collaboration",29,"India","Asia","Asia","India"
2021,"IND","Europe",72,"India","Asia","Asia","India"
2021,"IND","Lat.America & Car.",3,"India","Asia","Asia","India"
2021,"IND","Northern America",139,"India","Asia","Asia","India"
2021,"IND","Oceania",21,"India","Asia","Asia","India"
2022,"IND","Africa",8,"India","Asia","Asia","India"
2022,"IND","Asia",13,"India","Asia","Asia","India"
2022,"IND","Collaboration",32,"India","Asia","Asia","India"
2022,"IND","Europe",63,"India","Asia","Asia","India"
2022,"IND","Lat.America & Car.",4,"India","Asia","Asia","India"
2022,"IND","Northern America",216,"India","Asia","Asia","India"
2022,"IND","Oceania",15,"India","Asia","Asia","India"
1996,"SYR","Collaboration",1,"Syrian Arab Republic","Asia","Asia","Syrian Arab Republic"
1996,"SYR","Northern America",1,"Syrian Arab Republic","Asia","Asia","Syrian Arab Republic"
1997,"SYR","Europe",1,"Syrian Arab Republic","Asia","Asia","Syrian Arab Republic"
1997,"SYR","Northern America",1,"Syrian Arab Republic","Asia","Asia","Syrian Arab Republic"
2000,"SYR","Northern America",1,"Syrian Arab Republic","Asia","Asia","Syrian Arab Republic"
2003,"SYR","Asia",1,"Syrian Arab Republic","Asia","Asia","Syrian Arab Republic"
2003,"SYR","Europe",1,"Syrian Arab Republic","Asia","Asia","Syrian Arab Republic"
2005,"SYR","Europe",3,"Syrian Arab Republic","Asia","Asia","Syrian Arab Republic"
2006,"SYR","Asia",1,"Syrian Arab Republic","Asia","Asia","Syrian Arab Republic"
2007,"SYR","Europe",1,"Syrian Arab Republic","Asia","Asia","Syrian Arab Republic"
2007,"SYR","Northern America",3,"Syrian Arab Republic","Asia","Asia","Syrian Arab Republic"
2008,"SYR","Europe",2,"Syrian Arab Republic","Asia","Asia","Syrian Arab Republic"
2008,"SYR","Northern America",1,"Syrian Arab Republic","Asia","Asia","Syrian Arab Republic"
2009,"SYR","Asia",1,"Syrian Arab Republic","Asia","Asia","Syrian Arab Republic"
2009,"SYR","Collaboration",1,"Syrian Arab Republic","Asia","Asia","Syrian Arab Republic"
2009,"SYR","Europe",1,"Syrian Arab Republic","Asia","Asia","Syrian Arab Republic"
2010,"SYR","Asia",3,"Syrian Arab Republic","Asia","Asia","Syrian Arab Republic"
2010,"SYR","Collaboration",1,"Syrian Arab Republic","Asia","Asia","Syrian Arab Republic"
2010,"SYR","Europe",1,"Syrian Arab Republic","Asia","Asia","Syrian Arab Republic"
2010,"SYR","Northern America",1,"Syrian Arab Republic","Asia","Asia","Syrian Arab Republic"
2011,"SYR","Europe",3,"Syrian Arab Republic","Asia","Asia","Syrian Arab Republic"
2011,"SYR","Lat.America & Car.",1,"Syrian Arab Republic","Asia","Asia","Syrian Arab Republic"
2011,"SYR","Northern America",3,"Syrian Arab Republic","Asia","Asia","Syrian Arab Republic"
2012,"SYR","Europe",5,"Syrian Arab Republic","Asia","Asia","Syrian Arab Republic"
2012,"SYR","Northern America",4,"Syrian Arab Republic","Asia","Asia","Syrian Arab Republic"
2013,"SYR","Collaboration",1,"Syrian Arab Republic","Asia","Asia","Syrian Arab Republic"
2013,"SYR","Europe",3,"Syrian Arab Republic","Asia","Asia","Syrian Arab Republic"
2013,"SYR","Northern America",2,"Syrian Arab Republic","Asia","Asia","Syrian Arab Republic"
2014,"SYR","Asia",3,"Syrian Arab Republic","Asia","Asia","Syrian Arab Republic"
2014,"SYR","Collaboration",2,"Syrian Arab Republic","Asia","Asia","Syrian Arab Republic"
2014,"SYR","Europe",6,"Syrian Arab Republic","Asia","Asia","Syrian Arab Republic"
2014,"SYR","Northern America",5,"Syrian Arab Republic","Asia","Asia","Syrian Arab Republic"
2015,"SYR","Asia",11,"Syrian Arab Republic","Asia","Asia","Syrian Arab Republic"
2015,"SYR","Collaboration",7,"Syrian Arab Republic","Asia","Asia","Syrian Arab Republic"
2015,"SYR","Europe",8,"Syrian Arab Republic","Asia","Asia","Syrian Arab Republic"
2015,"SYR","Northern America",8,"Syrian Arab Republic","Asia","Asia","Syrian Arab Republic"
2015,"SYR","Oceania",2,"Syrian Arab Republic","Asia","Asia","Syrian Arab Republic"
2016,"SYR","Africa",1,"Syrian Arab Republic","Asia","Asia","Syrian Arab Republic"
2016,"SYR","Asia",14,"Syrian Arab Republic","Asia","Asia","Syrian Arab Republic"
2016,"SYR","Collaboration",13,"Syrian Arab Republic","Asia","Asia","Syrian Arab Republic"
2016,"SYR","Europe",32,"Syrian Arab Republic","Asia","Asia","Syrian Arab Republic"
2016,"SYR","Lat.America & Car.",1,"Syrian Arab Republic","Asia","Asia","Syrian Arab Republic"
2016,"SYR","Northern America",17,"Syrian Arab Republic","Asia","Asia","Syrian Arab Republic"
2017,"SYR","Asia",22,"Syrian Arab Republic","Asia","Asia","Syrian Arab Republic"
2017,"SYR","Collaboration",8,"Syrian Arab Republic","Asia","Asia","Syrian Arab Republic"
2017,"SYR","Europe",43,"Syrian Arab Republic","Asia","Asia","Syrian Arab Republic"
2017,"SYR","Lat.America & Car.",1,"Syrian Arab Republic","Asia","Asia","Syrian Arab Republic"
2017,"SYR","Northern America",27,"Syrian Arab Republic","Asia","Asia","Syrian Arab Republic"
2018,"SYR","Africa",2,"Syrian Arab Republic","Asia","Asia","Syrian Arab Republic"
2018,"SYR","Asia",25,"Syrian Arab Republic","Asia","Asia","Syrian Arab Republic"
2018,"SYR","Collaboration",24,"Syrian Arab Republic","Asia","Asia","Syrian Arab Republic"
2018,"SYR","Europe",58,"Syrian Arab Republic","Asia","Asia","Syrian Arab Republic"
2018,"SYR","Lat.America & Car.",3,"Syrian Arab Republic","Asia","Asia","Syrian Arab Republic"
2018,"SYR","Northern America",26,"Syrian Arab Republic","Asia","Asia","Syrian Arab Republic"
2018,"SYR","Oceania",4,"Syrian Arab Republic","Asia","Asia","Syrian Arab Republic"
2019,"SYR","Asia",51,"Syrian Arab Republic","Asia","Asia","Syrian Arab Republic"
2019,"SYR","Collaboration",33,"Syrian Arab Republic","Asia","Asia","Syrian Arab Republic"
2019,"SYR","Europe",76,"Syrian Arab Republic","Asia","Asia","Syrian Arab Republic"
2019,"SYR","Lat.America & Car.",3,"Syrian Arab Republic","Asia","Asia","Syrian Arab Republic"
2019,"SYR","Northern America",42,"Syrian Arab Republic","Asia","Asia","Syrian Arab Republic"
2019,"SYR","Oceania",2,"Syrian Arab Republic","Asia","Asia","Syrian Arab Republic"
2020,"SYR","Africa",1,"Syrian Arab Republic","Asia","Asia","Syrian Arab Republic"
2020,"SYR","Asia",49,"Syrian Arab Republic","Asia","Asia","Syrian Arab Republic"
2020,"SYR","Collaboration",30,"Syrian Arab Republic","Asia","Asia","Syrian Arab Republic"
2020,"SYR","Europe",89,"Syrian Arab Republic","Asia","Asia","Syrian Arab Republic"
2020,"SYR","Lat.America & Car.",1,"Syrian Arab Republic","Asia","Asia","Syrian Arab Republic"
2020,"SYR","Northern America",33,"Syrian Arab Republic","Asia","Asia","Syrian Arab Republic"
2020,"SYR","Oceania",8,"Syrian Arab Republic","Asia","Asia","Syrian Arab Republic"
2021,"SYR","Africa",1,"Syrian Arab Republic","Asia","Asia","Syrian Arab Republic"
2021,"SYR","Asia",70,"Syrian Arab Republic","Asia","Asia","Syrian Arab Republic"
2021,"SYR","Collaboration",60,"Syrian Arab Republic","Asia","Asia","Syrian Arab Republic"
2021,"SYR","Europe",111,"Syrian Arab Republic","Asia","Asia","Syrian Arab Republic"
2021,"SYR","Lat.America & Car.",2,"Syrian Arab Republic","Asia","Asia","Syrian Arab Republic"
2021,"SYR","Northern America",51,"Syrian Arab Republic","Asia","Asia","Syrian Arab Republic"
2021,"SYR","Oceania",5,"Syrian Arab Republic","Asia","Asia","Syrian Arab Republic"
2022,"SYR","Africa",2,"Syrian Arab Republic","Asia","Asia","Syrian Arab Republic"
2022,"SYR","Asia",57,"Syrian Arab Republic","Asia","Asia","Syrian Arab Republic"
2022,"SYR","Collaboration",74,"Syrian Arab Republic","Asia","Asia","Syrian Arab Republic"
2022,"SYR","Europe",89,"Syrian Arab Republic","Asia","Asia","Syrian Arab Republic"
2022,"SYR","Lat.America & Car.",2,"Syrian Arab Republic","Asia","Asia","Syrian Arab Republic"
2022,"SYR","Northern America",33,"Syrian Arab Republic","Asia","Asia","Syrian Arab Republic"
2022,"SYR","Oceania",3,"Syrian Arab Republic","Asia","Asia","Syrian Arab Republic"
1996,"RUS","Asia",1,"Russian Federation","Europe","Europe","Russian Federation"
1996,"RUS","Europe",5,"Russian Federation","Europe","Europe","Russian Federation"
1996,"RUS","Northern America",3,"Russian Federation","Europe","Europe","Russian Federation"
1997,"RUS","Asia",1,"Russian Federation","Europe","Europe","Russian Federation"
1997,"RUS","Collaboration",2,"Russian Federation","Europe","Europe","Russian Federation"
1997,"RUS","Europe",8,"Russian Federation","Europe","Europe","Russian Federation"
1997,"RUS","Northern America",5,"Russian Federation","Europe","Europe","Russian Federation"
1998,"RUS","Europe",11,"Russian Federation","Europe","Europe","Russian Federation"
1998,"RUS","Northern America",2,"Russian Federation","Europe","Europe","Russian Federation"
1999,"RUS","Asia",3,"Russian Federation","Europe","Europe","Russian Federation"
1999,"RUS","Collaboration",1,"Russian Federation","Europe","Europe","Russian Federation"
1999,"RUS","Europe",9,"Russian Federation","Europe","Europe","Russian Federation"
1999,"RUS","Northern America",4,"Russian Federation","Europe","Europe","Russian Federation"
1999,"RUS","Oceania",1,"Russian Federation","Europe","Europe","Russian Federation"
2000,"RUS","Asia",3,"Russian Federation","Europe","Europe","Russian Federation"
2000,"RUS","Europe",11,"Russian Federation","Europe","Europe","Russian Federation"
2000,"RUS","Northern America",4,"Russian Federation","Europe","Europe","Russian Federation"
2000,"RUS","Oceania",1,"Russian Federation","Europe","Europe","Russian Federation"
2001,"RUS","Africa",1,"Russian Federation","Europe","Europe","Russian Federation"
2001,"RUS","Asia",1,"Russian Federation","Europe","Europe","Russian Federation"
2001,"RUS","Collaboration",1,"Russian Federation","Europe","Europe","Russian Federation"
2001,"RUS","Europe",9,"Russian Federation","Europe","Europe","Russian Federation"
2001,"RUS","Lat.America & Car.",2,"Russian Federation","Europe","Europe","Russian Federation"
2001,"RUS","Northern America",5,"Russian Federation","Europe","Europe","Russian Federation"
2002,"RUS","Asia",6,"Russian Federation","Europe","Europe","Russian Federation"
2002,"RUS","Collaboration",2,"Russian Federation","Europe","Europe","Russian Federation"
2002,"RUS","Europe",18,"Russian Federation","Europe","Europe","Russian Federation"
2002,"RUS","Northern America",9,"Russian Federation","Europe","Europe","Russian Federation"
2003,"RUS","Asia",4,"Russian Federation","Europe","Europe","Russian Federation"
2003,"RUS","Collaboration",2,"Russian Federation","Europe","Europe","Russian Federation"
2003,"RUS","Europe",13,"Russian Federation","Europe","Europe","Russian Federation"
2003,"RUS","Northern America",11,"Russian Federation","Europe","Europe","Russian Federation"
2004,"RUS","Asia",9,"Russian Federation","Europe","Europe","Russian Federation"
2004,"RUS","Collaboration",3,"Russian Federation","Europe","Europe","Russian Federation"
2004,"RUS","Europe",11,"Russian Federation","Europe","Europe","Russian Federation"
2004,"RUS","Northern America",9,"Russian Federation","Europe","Europe","Russian Federation"
2005,"RUS","Asia",2,"Russian Federation","Europe","Europe","Russian Federation"
2005,"RUS","Collaboration",1,"Russian Federation","Europe","Europe","Russian Federation"
2005,"RUS","Europe",17,"Russian Federation","Europe","Europe","Russian Federation"
2005,"RUS","Northern America",8,"Russian Federation","Europe","Europe","Russian Federation"
2006,"RUS","Asia",4,"Russian Federation","Europe","Europe","Russian Federation"
2006,"RUS","Europe",10,"Russian Federation","Europe","Europe","Russian Federation"
2006,"RUS","Northern America",10,"Russian Federation","Europe","Europe","Russian Federation"
2007,"RUS","Asia",5,"Russian Federation","Europe","Europe","Russian Federation"
2007,"RUS","Collaboration",3,"Russian Federation","Europe","Europe","Russian Federation"
2007,"RUS","Europe",26,"Russian Federation","Europe","Europe","Russian Federation"
2007,"RUS","Northern America",7,"Russian Federation","Europe","Europe","Russian Federation"
2008,"RUS","Asia",4,"Russian Federation","Europe","Europe","Russian Federation"
2008,"RUS","Collaboration",2,"Russian Federation","Europe","Europe","Russian Federation"
2008,"RUS","Europe",22,"Russian Federation","Europe","Europe","Russian Federation"
2008,"RUS","Northern America",9,"Russian Federation","Europe","Europe","Russian Federation"
2009,"RUS","Asia",4,"Russian Federation","Europe","Europe","Russian Federation"
2009,"RUS","Collaboration",2,"Russian Federation","Europe","Europe","Russian Federation"
2009,"RUS","Europe",29,"Russian Federation","Europe","Europe","Russian Federation"
2009,"RUS","Northern America",12,"Russian Federation","Europe","Europe","Russian Federation"
2010,"RUS","Africa",1,"Russian Federation","Europe","Europe","Russian Federation"
2010,"RUS","Collaboration",4,"Russian Federation","Europe","Europe","Russian Federation"
2010,"RUS","Europe",35,"Russian Federation","Europe","Europe","Russian Federation"
2010,"RUS","Northern America",21,"Russian Federation","Europe","Europe","Russian Federation"
2010,"RUS","Oceania",2,"Russian Federation","Europe","Europe","Russian Federation"
2011,"RUS","Asia",8,"Russian Federation","Europe","Europe","Russian Federation"
2011,"RUS","Collaboration",8,"Russian Federation","Europe","Europe","Russian Federation"
2011,"RUS","Europe",42,"Russian Federation","Europe","Europe","Russian Federation"
2011,"RUS","Northern America",27,"Russian Federation","Europe","Europe","Russian Federation"
2012,"RUS","Asia",12,"Russian Federation","Europe","Europe","Russian Federation"
2012,"RUS","Collaboration",7,"Russian Federation","Europe","Europe","Russian Federation"
2012,"RUS","Europe",51,"Russian Federation","Europe","Europe","Russian Federation"
2012,"RUS","Lat.America & Car.",1,"Russian Federation","Europe","Europe","Russian Federation"
2012,"RUS","Northern America",15,"Russian Federation","Europe","Europe","Russian Federation"
2013,"RUS","Asia",9,"Russian Federation","Europe","Europe","Russian Federation"
2013,"RUS","Collaboration",8,"Russian Federation","Europe","Europe","Russian Federation"
2013,"RUS","Europe",67,"Russian Federation","Europe","Europe","Russian Federation"
2013,"RUS","Lat.America & Car.",1,"Russian Federation","Europe","Europe","Russian Federation"
2013,"RUS","Northern America",7,"Russian Federation","Europe","Europe","Russian Federation"
2013,"RUS","Oceania",1,"Russian Federation","Europe","Europe","Russian Federation"
2014,"RUS","Asia",8,"Russian Federation","Europe","Europe","Russian Federation"
2014,"RUS","Collaboration",7,"Russian Federation","Europe","Europe","Russian Federation"
2014,"RUS","Europe",83,"Russian Federation","Europe","Europe","Russian Federation"
2014,"RUS","Northern America",27,"Russian Federation","Europe","Europe","Russian Federation"
2014,"RUS","Oceania",1,"Russian Federation","Europe","Europe","Russian Federation"
2015,"RUS","Asia",15,"Russian Federation","Europe","Europe","Russian Federation"
2015,"RUS","Collaboration",7,"Russian Federation","Europe","Europe","Russian Federation"
2015,"RUS","Europe",129,"Russian Federation","Europe","Europe","Russian Federation"
2015,"RUS","Lat.America & Car.",1,"Russian Federation","Europe","Europe","Russian Federation"
2015,"RUS","Northern America",18,"Russian Federation","Europe","Europe","Russian Federation"
2016,"RUS","Asia",13,"Russian Federation","Europe","Europe","Russian Federation"
2016,"RUS","Collaboration",18,"Russian Federation","Europe","Europe","Russian Federation"
2016,"RUS","Europe",194,"Russian Federation","Europe","Europe","Russian Federation"
2016,"RUS","Northern America",21,"Russian Federation","Europe","Europe","Russian Federation"
2016,"RUS","Oceania",1,"Russian Federation","Europe","Europe","Russian Federation"
2017,"RUS","Asia",19,"Russian Federation","Europe","Europe","Russian Federation"
2017,"RUS","Collaboration",12,"Russian Federation","Europe","Europe","Russian Federation"
2017,"RUS","Europe",252,"Russian Federation","Europe","Europe","Russian Federation"
2017,"RUS","Lat.America & Car.",1,"Russian Federation","Europe","Europe","Russian Federation"
2017,"RUS","Northern America",24,"Russian Federation","Europe","Europe","Russian Federation"
2017,"RUS","Oceania",2,"Russian Federation","Europe","Europe","Russian Federation"
2018,"RUS","Asia",14,"Russian Federation","Europe","Europe","Russian Federation"
2018,"RUS","Collaboration",14,"Russian Federation","Europe","Europe","Russian Federation"
2018,"RUS","Europe",198,"Russian Federation","Europe","Europe","Russian Federation"
2018,"RUS","Lat.America & Car.",1,"Russian Federation","Europe","Europe","Russian Federation"
2018,"RUS","Northern America",19,"Russian Federation","Europe","Europe","Russian Federation"
2018,"RUS","Oceania",2,"Russian Federation","Europe","Europe","Russian Federation"
2019,"RUS","Asia",21,"Russian Federation","Europe","Europe","Russian Federation"
2019,"RUS","Collaboration",25,"Russian Federation","Europe","Europe","Russian Federation"
2019,"RUS","Europe",271,"Russian Federation","Europe","Europe","Russian Federation"
2019,"RUS","Lat.America & Car.",2,"Russian Federation","Europe","Europe","Russian Federation"
2019,"RUS","Northern America",16,"Russian Federation","Europe","Europe","Russian Federation"
2019,"RUS","Oceania",3,"Russian Federation","Europe","Europe","Russian Federation"
2020,"RUS","Asia",16,"Russian Federation","Europe","Europe","Russian Federation"
2020,"RUS","Collaboration",19,"Russian Federation","Europe","Europe","Russian Federation"
2020,"RUS","Europe",288,"Russian Federation","Europe","Europe","Russian Federation"
2020,"RUS","Lat.America & Car.",3,"Russian Federation","Europe","Europe","Russian Federation"
2020,"RUS","Northern America",21,"Russian Federation","Europe","Europe","Russian Federation"
2020,"RUS","Oceania",3,"Russian Federation","Europe","Europe","Russian Federation"
2021,"RUS","Asia",18,"Russian Federation","Europe","Europe","Russian Federation"
2021,"RUS","Collaboration",31,"Russian Federation","Europe","Europe","Russian Federation"
2021,"RUS","Europe",262,"Russian Federation","Europe","Europe","Russian Federation"
2021,"RUS","Lat.America & Car.",2,"Russian Federation","Europe","Europe","Russian Federation"
2021,"RUS","Northern America",16,"Russian Federation","Europe","Europe","Russian Federation"
2021,"RUS","Oceania",1,"Russian Federation","Europe","Europe","Russian Federation"
2022,"RUS","Africa",2,"Russian Federation","Europe","Europe","Russian Federation"
2022,"RUS","Asia",20,"Russian Federation","Europe","Europe","Russian Federation"
2022,"RUS","Collaboration",34,"Russian Federation","Europe","Europe","Russian Federation"
2022,"RUS","Europe",276,"Russian Federation","Europe","Europe","Russian Federation"
2022,"RUS","Lat.America & Car.",1,"Russian Federation","Europe","Europe","Russian Federation"
2022,"RUS","Northern America",33,"Russian Federation","Europe","Europe","Russian Federation"
2022,"RUS","Oceania",4,"Russian Federation","Europe","Europe","Russian Federation"
1996,"AUS","Collaboration",1,"Australia","Oceania","Oceania","Australia"
1996,"AUS","Europe",2,"Australia","Oceania","Oceania","Australia"
1996,"AUS","Oceania",11,"Australia","Oceania","Oceania","Australia"
1997,"AUS","Europe",3,"Australia","Oceania","Oceania","Australia"
1997,"AUS","Northern America",2,"Australia","Oceania","Oceania","Australia"
1997,"AUS","Oceania",16,"Australia","Oceania","Oceania","Australia"
1998,"AUS","Collaboration",2,"Australia","Oceania","Oceania","Australia"
1998,"AUS","Europe",5,"Australia","Oceania","Oceania","Australia"
1998,"AUS","Northern America",3,"Australia","Oceania","Oceania","Australia"
1998,"AUS","Oceania",19,"Australia","Oceania","Oceania","Australia"
1999,"AUS","Collaboration",2,"Australia","Oceania","Oceania","Australia"
1999,"AUS","Europe",2,"Australia","Oceania","Oceania","Australia"
1999,"AUS","Northern America",2,"Australia","Oceania","Oceania","Australia"
1999,"AUS","Oceania",30,"Australia","Oceania","Oceania","Australia"
2000,"AUS","Asia",2,"Australia","Oceania","Oceania","Australia"
2000,"AUS","Collaboration",4,"Australia","Oceania","Oceania","Australia"
2000,"AUS","Europe",1,"Australia","Oceania","Oceania","Australia"
2000,"AUS","Northern America",3,"Australia","Oceania","Oceania","Australia"
2000,"AUS","Oceania",14,"Australia","Oceania","Oceania","Australia"
2001,"AUS","Collaboration",5,"Australia","Oceania","Oceania","Australia"
2001,"AUS","Europe",4,"Australia","Oceania","Oceania","Australia"
2001,"AUS","Lat.America & Car.",1,"Australia","Oceania","Oceania","Australia"
2001,"AUS","Oceania",35,"Australia","Oceania","Oceania","Australia"
2002,"AUS","Collaboration",2,"Australia","Oceania","Oceania","Australia"
2002,"AUS","Europe",4,"Australia","Oceania","Oceania","Australia"
2002,"AUS","Northern America",2,"Australia","Oceania","Oceania","Australia"
2002,"AUS","Oceania",43,"Australia","Oceania","Oceania","Australia"
2003,"AUS","Africa",1,"Australia","Oceania","Oceania","Australia"
2003,"AUS","Asia",1,"Australia","Oceania","Oceania","Australia"
2003,"AUS","Collaboration",7,"Australia","Oceania","Oceania","Australia"
2003,"AUS","Europe",6,"Australia","Oceania","Oceania","Australia"
2003,"AUS","Northern America",5,"Australia","Oceania","Oceania","Australia"
2003,"AUS","Oceania",33,"Australia","Oceania","Oceania","Australia"
2004,"AUS","Asia",1,"Australia","Oceania","Oceania","Australia"
2004,"AUS","Collaboration",5,"Australia","Oceania","Oceania","Australia"
2004,"AUS","Europe",10,"Australia","Oceania","Oceania","Australia"
2004,"AUS","Northern America",5,"Australia","Oceania","Oceania","Australia"
2004,"AUS","Oceania",54,"Australia","Oceania","Oceania","Australia"
2005,"AUS","Africa",1,"Australia","Oceania","Oceania","Australia"
2005,"AUS","Asia",1,"Australia","Oceania","Oceania","Australia"
2005,"AUS","Collaboration",5,"Australia","Oceania","Oceania","Australia"
2005,"AUS","Europe",13,"Australia","Oceania","Oceania","Australia"
2005,"AUS","Northern America",6,"Australia","Oceania","Oceania","Australia"
2005,"AUS","Oceania",45,"Australia","Oceania","Oceania","Australia"
2006,"AUS","Africa",1,"Australia","Oceania","Oceania","Australia"
2006,"AUS","Asia",1,"Australia","Oceania","Oceania","Australia"
2006,"AUS","Collaboration",10,"Australia","Oceania","Oceania","Australia"
2006,"AUS","Europe",9,"Australia","Oceania","Oceania","Australia"
2006,"AUS","Northern America",3,"Australia","Oceania","Oceania","Australia"
2006,"AUS","Oceania",69,"Australia","Oceania","Oceania","Australia"
2007,"AUS","Asia",1,"Australia","Oceania","Oceania","Australia"
2007,"AUS","Collaboration",6,"Australia","Oceania","Oceania","Australia"
2007,"AUS","Europe",7,"Australia","Oceania","Oceania","Australia"
2007,"AUS","Northern America",7,"Australia","Oceania","Oceania","Australia"
2007,"AUS","Oceania",74,"Australia","Oceania","Oceania","Australia"
2008,"AUS","Africa",1,"Australia","Oceania","Oceania","Australia"
2008,"AUS","Asia",2,"Australia","Oceania","Oceania","Australia"
2008,"AUS","Collaboration",7,"Australia","Oceania","Oceania","Australia"
2008,"AUS","Europe",7,"Australia","Oceania","Oceania","Australia"
2008,"AUS","Northern America",3,"Australia","Oceania","Oceania","Australia"
2008,"AUS","Oceania",64,"Australia","Oceania","Oceania","Australia"
2009,"AUS","Africa",1,"Australia","Oceania","Oceania","Australia"
2009,"AUS","Asia",1,"Australia","Oceania","Oceania","Australia"
2009,"AUS","Collaboration",10,"Australia","Oceania","Oceania","Australia"
2009,"AUS","Europe",10,"Australia","Oceania","Oceania","Australia"
2009,"AUS","Northern America",5,"Australia","Oceania","Oceania","Australia"
2009,"AUS","Oceania",92,"Australia","Oceania","Oceania","Australia"
2010,"AUS","Asia",3,"Australia","Oceania","Oceania","Australia"
2010,"AUS","Collaboration",26,"Australia","Oceania","Oceania","Australia"
2010,"AUS","Europe",14,"Australia","Oceania","Oceania","Australia"
2010,"AUS","Northern America",11,"Australia","Oceania","Oceania","Australia"
2010,"AUS","Oceania",101,"Australia","Oceania","Oceania","Australia"
2011,"AUS","Africa",1,"Australia","Oceania","Oceania","Australia"
2011,"AUS","Asia",4,"Australia","Oceania","Oceania","Australia"
2011,"AUS","Collaboration",19,"Australia","Oceania","Oceania","Australia"
2011,"AUS","Europe",15,"Australia","Oceania","Oceania","Australia"
2011,"AUS","Northern America",9,"Australia","Oceania","Oceania","Australia"
2011,"AUS","Oceania",117,"Australia","Oceania","Oceania","Australia"
2012,"AUS","Asia",4,"Australia","Oceania","Oceania","Australia"
2012,"AUS","Collaboration",17,"Australia","Oceania","Oceania","Australia"
2012,"AUS","Europe",15,"Australia","Oceania","Oceania","Australia"
2012,"AUS","Lat.America & Car.",1,"Australia","Oceania","Oceania","Australia"
2012,"AUS","Northern America",10,"Australia","Oceania","Oceania","Australia"
2012,"AUS","Oceania",110,"Australia","Oceania","Oceania","Australia"
2013,"AUS","Africa",2,"Australia","Oceania","Oceania","Australia"
2013,"AUS","Asia",5,"Australia","Oceania","Oceania","Australia"
2013,"AUS","Collaboration",24,"Australia","Oceania","Oceania","Australia"
2013,"AUS","Europe",13,"Australia","Oceania","Oceania","Australia"
2013,"AUS","Northern America",12,"Australia","Oceania","Oceania","Australia"
2013,"AUS","Oceania",134,"Australia","Oceania","Oceania","Australia"
2014,"AUS","Africa",1,"Australia","Oceania","Oceania","Australia"
2014,"AUS","Asia",6,"Australia","Oceania","Oceania","Australia"
2014,"AUS","Collaboration",24,"Australia","Oceania","Oceania","Australia"
2014,"AUS","Europe",15,"Australia","Oceania","Oceania","Australia"
2014,"AUS","Northern America",14,"Australia","Oceania","Oceania","Australia"
2014,"AUS","Oceania",163,"Australia","Oceania","Oceania","Australia"
2015,"AUS","Asia",7,"Australia","Oceania","Oceania","Australia"
2015,"AUS","Collaboration",34,"Australia","Oceania","Oceania","Australia"
2015,"AUS","Europe",23,"Australia","Oceania","Oceania","Australia"
2015,"AUS","Northern America",15,"Australia","Oceania","Oceania","Australia"
2015,"AUS","Oceania",146,"Australia","Oceania","Oceania","Australia"
2016,"AUS","Asia",5,"Australia","Oceania","Oceania","Australia"
2016,"AUS","Collaboration",28,"Australia","Oceania","Oceania","Australia"
2016,"AUS","Europe",11,"Australia","Oceania","Oceania","Australia"
2016,"AUS","Lat.America & Car.",1,"Australia","Oceania","Oceania","Australia"
2016,"AUS","Northern America",15,"Australia","Oceania","Oceania","Australia"
2016,"AUS","Oceania",157,"Australia","Oceania","Oceania","Australia"
2017,"AUS","Africa",1,"Australia","Oceania","Oceania","Australia"
2017,"AUS","Asia",4,"Australia","Oceania","Oceania","Australia"
2017,"AUS","Collaboration",43,"Australia","Oceania","Oceania","Australia"
2017,"AUS","Europe",22,"Australia","Oceania","Oceania","Australia"
2017,"AUS","Northern America",14,"Australia","Oceania","Oceania","Australia"
2017,"AUS","Oceania",206,"Australia","Oceania","Oceania","Australia"
2018,"AUS","Africa",1,"Australia","Oceania","Oceania","Australia"
2018,"AUS","Asia",7,"Australia","Oceania","Oceania","Australia"
2018,"AUS","Collaboration",34,"Australia","Oceania","Oceania","Australia"
2018,"AUS","Europe",18,"Australia","Oceania","Oceania","Australia"
2018,"AUS","Northern America",12,"Australia","Oceania","Oceania","Australia"
2018,"AUS","Oceania",194,"Australia","Oceania","Oceania","Australia"
2019,"AUS","Africa",1,"Australia","Oceania","Oceania","Australia"
2019,"AUS","Asia",5,"Australia","Oceania","Oceania","Australia"
2019,"AUS","Collaboration",35,"Australia","Oceania","Oceania","Australia"
2019,"AUS","Europe",28,"Australia","Oceania","Oceania","Australia"
2019,"AUS","Lat.America & Car.",1,"Australia","Oceania","Oceania","Australia"
2019,"AUS","Northern America",17,"Australia","Oceania","Oceania","Australia"
2019,"AUS","Oceania",209,"Australia","Oceania","Oceania","Australia"
2020,"AUS","Africa",1,"Australia","Oceania","Oceania","Australia"
2020,"AUS","Asia",6,"Australia","Oceania","Oceania","Australia"
2020,"AUS","Collaboration",47,"Australia","Oceania","Oceania","Australia"
2020,"AUS","Europe",21,"Australia","Oceania","Oceania","Australia"
2020,"AUS","Lat.America & Car.",2,"Australia","Oceania","Oceania","Australia"
2020,"AUS","Northern America",21,"Australia","Oceania","Oceania","Australia"
2020,"AUS","Oceania",189,"Australia","Oceania","Oceania","Australia"
2021,"AUS","Asia",4,"Australia","Oceania","Oceania","Australia"
2021,"AUS","Collaboration",49,"Australia","Oceania","Oceania","Australia"
2021,"AUS","Europe",26,"Australia","Oceania","Oceania","Australia"
2021,"AUS","Lat.America & Car.",1,"Australia","Oceania","Oceania","Australia"
2021,"AUS","Northern America",11,"Australia","Oceania","Oceania","Australia"
2021,"AUS","Oceania",254,"Australia","Oceania","Oceania","Australia"
2022,"AUS","Africa",1,"Australia","Oceania","Oceania","Australia"
2022,"AUS","Asia",4,"Australia","Oceania","Oceania","Australia"
2022,"AUS","Collaboration",57,"Australia","Oceania","Oceania","Australia"
2022,"AUS","Europe",21,"Australia","Oceania","Oceania","Australia"
2022,"AUS","Northern America",10,"Australia","Oceania","Oceania","Australia"
2022,"AUS","Oceania",253,"Australia","Oceania","Oceania","Australia"
